idiom,title,contents
조령모개,조령모개의 교육 정책이 나올 수밖에 없는 이유!,"핵심은 우리나라 교육 정책이 너무 자주 바뀐다는 것인데, 사실 우리나라 교육 정책은 조령모개가 아닙니다. 겉으로 보기에만 조령모개인 것 같지 IMF 이후, 특히 MB 이후 우리나라 입시 정책은 매우 일관성 있는 방향으로 진행되어 왔습니다."
백전백승,"카카오게임 백전백승, 백전불패 2화 보고","카카오게임인 백전백승이 그것이다. 이름에서도 유추할 수 있듯이, 극한의 전투와 관련된 컨텐츠가 풍부한 게임으로서, 나오기 전부터 기대감이. 하지만 백전백승에서만큼은, 전직 시스템이 있어서 걱정이 없다."
백전백승,[인생철학] '지피지기 백전백승'은 없다,[인생철학] '지피지기 백전백승'은 없다 정말 '지피지기'면 '백전백승'이 가능할까? '지피지기 백전백승 '이라는 말은 '적을 알고 나를 알면 백 번 싸워도 백 번 이긴다'는 뜻으로 많이 인용된다.
백전백승,[브레이브힐 어람점] 백전백승 다이어트 성공비법 인바디체크,오늘은 내몸을 알면 백전백승 다이어트 성공하는 인바디 체크하는법을 알려드릴께요! 인바디란? 생체 전기저항법을 이용한 체성분 분석기의.
백전백승,신촌한의원 여드름흉터치료 지피지기면 백전백승!,신촌한의원 여드름흉터는 피부의 비교적 깊은 층이 손상되면서 조직의 위축 및 손실이 일어나고 간혹 체질적 요인에 따라 조직이 과증식되며 흉기된 켈로이드 흉터가 발생하는 경우도 있다 이런 흉터는 신촌한의원 관리 없이 수십년이 지나도 자체적으로 회복되지 않는 영구적인 손상인 경우가 많아.
마부작침,마부작침 ,"성공을 위해 마부작침 수적석천 우공이산 1만 시간의 법칙이 있다. 도끼를 갈아 바늘을 만든다. 물방울이 바위를 뚫는다는 말이 있지만, 사람이 아무리 노력해도 안 되는 일도 있다."
개과천선,개과천선,따라서 개과천선이라함은 지난 날의 잘못과 허물을 고치고 바르고 착한 사람이 된다는 것을 말한다. 인간은 불완전한 존재이다. 누구나 인생을. 개과천선해서 그 유혹을 이겨냈기 때문에 화를 면하게 되었던 것이다.
조령모개,"아사히신문 사설 2021.12.04. 입국 제한 조치, ""조령모개""로 불신감 악화"," 2021124 500 사설 입국 제한 조치, ""조령모개""로 불신감 악화 2021년 12월 4일 ."
대기만성,대기만성,"대부분의 사람들이 알 것이라고 생각되는 대기만성은, 큰 그릇은 늦게 이루어진다. 큰 사람이 되기 위해서는 많은 노력과 시간이 필요함을 나타내는 말 대기만성 위와 같은 의미를 가진다."
군계일학,브레이킹배드 뜻 결말 해석 일맥상통하는 군계일학,브레이킹배드 뜻 결말 해석 일맥상통하는 군계일학 안녕하세요. 오랫만에 돌아온 해피항준입니다. 요새 새로운 영화 대본 집필이 끝나고 출연진. 지금부터 미드 브레이킹배드이 왜 군계일학인지에 대해 왜 기네스북에 등재되었는지까지 이야기해보겠습니다.
백전백승,지피지기면 백전백승! 모의테스트로 실력 확인하기,"그야말로 지피지기면 백전백승이라고 할 수 있죠! 중간고사에 비해 범위도 넓고, 준비 시간도 짧아 상대적으로 어렵게 느껴지는 기말고사지만 공부의 기반이 튼튼하게 잡혀 있다면 어떤 어려운 상황에서도 시험을 두려워할 필요가 없습니다."
조령모개,290. 조령모개 ,조령모개 아침에 내린 명령이 저녁에 바뀌다. 일관성이 없이 갈팡질팡하다.
함흥차사,220704 함흥차사,"""심부름 시킨다고 보냈더니 함흥차사야. 또 오락실로 샜나?"" 이런 느낌이죠. 함흥 가기 전 둘째아들이 얌전?하고 착하기만 한 것이 걱정되. ""방원 놈이 제 형을 쫓을지도쫓아낼 지도 모르니 이건 내가 가지고 가자."" 왕의 상징인 임금 도장 옥새를 주지 않고 이곳까지 가져온 것이다."
수어지교,"수어지교, 수주대토",수어지교 아주 친한 사이 수주대토 융통성 없는 미련하고 어리석음 물 수 물고기 어 어조사 지 사귈. ex 어릴 때부터 같은 동네에서 함께 자랐던 제혁이와 준영이는 장성한 지금까지도 수어지교의 관계를 유지하고 있다.
독서망양,장자의독서망양과 알랭 드 보통의 불안,"독서망양 장자, 변무 독서망양이란 사자성어는 장자의 변무에 나오는 이야기에 기원을 둡니다. 책을 읽다가 양을 잃었다는 뜻으로 다른 일에 정신이 팔려 중요한 일을 소홀히 할 때 쓰는 말로 알려져 있습니다."
조령모개,그럴거 알았지?조령모개,"시설면적 8면적마다 1명으로 제한할 경우 9시 이후에도 운영이 가능하다고 하고 사우나는 역시 8당 1명을 수용할 경우 시간제한 없이 운영이 가능하다는데 이게 전용면적인지, 임대면적인지도 알수가 없다. 코로나는 야행성인가보다."
군계일학,진주 맛집 큰길냄비우동 진주 군계일학 맛집,진주에서 맛 집중에서 군계일학이 아닐까 합니다. 로켓 지역민들에게 유명한 집 영업시간이 특이해서 낮에는 절대 먹을 수 없는 집 술집처럼 저녁에만 먹을 수 있는 큰길냄비우동 입니다. 13년 전이나 오늘이나 맛이 똑같습니다.
마부작침,초심불망 마부작침,"블챌 첫 달 마 지 막 주간일기 현진이에게서 퍼 온 ""초심불망 마부작침"" 초심을 잊지 말고 쇠도끼를 갈아 바늘을 만든다. 힘들 때 포기하지 않고 부단히 노력하면 끝내 좋은 결과를 얻을 수 있다는 평범한 진리. 로 시작 GABOZAGO 0627 월 이번주는 그래두."
백전백승,지피지기면 백전백승에서 적을 아는 것보다 더욱 중요한 것은?,'지피지기면 백전백승' 적을 알고 나를 알면 백 번 싸워서 백 번 이길 수 있다는 뜻입니다. 맞습니다. 적을 모르는 상태에서 싸우는 것은 용감이.
함흥차사,함흥차사 물티슈. 감감무소식 물티슈,이럴 때 어울리는 말 함흥차사. 감감무소식. 지마켓 들어가서 문의글을 보니 주문취소요청글에 언제 배송되냐 아우성. 나만 안받은게 아니구나 3월 2일부터 순차배송이란다. 어제 오후 1시에 배송시작 도대체 언제 받을수 있단 말인가.
마부작침,고사성어묵상 마부작침, .마부작침. 도끼를갈아서 바늘을 만든다는 뜻으로 아무리 어려운 일이라도 참고 계속하면 언제인가는 꼭.성공함을 비유한고사임 고. 스피노자같은 사람들이 꼭 필요한사회가 아닌가합니다 뜻이있는곳에 길이있다했으니 우리모두 마부작침합시다 홧팅 2011.8.14.글쓴이.내고향.포구.
대기만성,"대기만성, 40대에 도전해서 성공한 부자들 유동효","그러니 대기만성 사례 모음집이라고 해도 될 것 같아요. 그 외에도 다양한 분들의 길고 짧은 사례가 나오는데, 저는 김석봉 님과 이경자 님. 대기만성, 늦깎이 사례를 한번에 모아서 보고 싶거나 긍정적인 기운을 충전하고 싶은 분들은 가볍게 보시는 것도 좋을 것 같아요."
백전백승,칼럼8. 지피지기면 백전백승 자금 계산,"무주택자 내집마련 전략 4 경매 unsplash 지피지기면 백전백승이란 말은 투자에서 매우 중요합니다. 본인에게 적합한 방법을 선택해야 투자에서 실수하지 않습니다. 갭투자를 해야 한다, 경매로 사야 싸다, 신혼부부면 무조건 청약을 노려라 등 주변에서 말이 많지만 정답은 없습니다."
함흥차사,함흥차사가 된,자세로 하고 힘 빼는 것도 연습하니까 확실히 팔꿈치나 그런 관절에 무리가 덜 가더군요. 역시 운동은 전문가의 코치를 받고 바른 자세로 해야.
수어지교,친구고사성어유래수어지교 수어지교의 뜻과 유래를 알아보자,"친구고사성어유래수어지교 수어지교의 뜻과 유래를 알아보자 수어지교란, 물과 물고기의 사귐이라고 직역할 수 있겠습니다. 물고기는 물이 매우 필수적이라 할 수 있죠. 이처럼, 매우 친밀하기에 떨어질 수 없는 사이를 뜻하는 것이 수어지교의 뜻입니다."
마부작침,도끼를 갈아 바늘을 만든다. 마부작침그 뜻과 인생의 지침.,마부작침 도끼를 갈아 바늘을 만든다. 도끼를 갈아 바늘이 되려면 모르긴 몰라도 인생을 통째로 걸어야 할만한 노력이 뒤따라 주어야 하지 않을까. 어마어마한 말이다. 이 문자 하나에 엄청난 무게감이 느껴진다. 고됨과 고난의 시간들이 눈앞에 있는듯한 말 마부작침.
다다익선,연말선물은 29CM 다다익선물로 혜택까지 챙기자 !,"29CM 연말선물은 29CM 다다익선물로 혜택까지 챙기자 ! 안녕하세요 패션블로거 코코다니입니다 드디어 설레는 12월이 다가왔습니다매년 다가올. 이벤트,연말에도 다다익선물을 소개해드리려고 합니다 EVENT 21.12.01 21.12."
다다익선,스트랩은 다다익선! 오버기어 갤럭시 워치3 스트랩, 다다익선이란 스트랩을 오늘은 오버기어 갤워치 스트랩으로 선택해 봤습니다 또 아시겠지만.
대기만성,믿음의 대기만성,믿음의 대기만성 10그 날에 그가 강림하사 그의 성도들에게서 영광을 받으시고 모든 믿는 자들에게서 놀랍게 여김을 얻으시리니 이는우리의.
독서망양,독서망양,봄 새벽 덧창을 여니 총총한 별이 손흔든다 속창을 여니 맑은 바람이 노래한다 새 아침이야 굳은 팔 다리를 흔들어 인사 하고 책을 편다 변무 편의 망양 후한시대 고봉의 표맥 .
대기만성,[빈섬 이상국의 뷰] 대기만성형 인간은 대기만성을 할 수 없다,"대기만성형 인간에 대한 오해 이빈섬. 대기만성, 대기면성 으로 되어 있는 곳백서본도 있다은 노자 도덕경 41장에 나오는 말이다. 이 말은 유명해져서 이 땅에서도 일상어처럼 쓰인다. 한자말대로 풀면 '큰 그릇은 늦게 이뤄진다'이다."
마부작침,고사성어 마부작침 한자 예문 유래,"고사성어 마부작침은 도끼를 갈아서 바늘을 만든다는 말로, 아무리 어려운 일이라도 인내 하며 계속 노력하면 반드시 성공할 수 있다는 뜻입니다. 즉 비록 불가능해 보이지만 꾸준히 노력하면 마침내 뜻을 이룰 수 있다는 의미입니다."
군계일학,[키다리스튜디오] 웹툰계의 군계일학,"키다리스튜디오 웹툰계의 군계일학 투자의견 매수 목표주가 25,000원상향 4Q21 Preview 매출액 353억원235.0 YoY 예상 4분기 연결매출액 353억원235.0 YoY, 영업이익 36억원515."
마부작침,초심불망 마부작침 이 말만 새겨도 인생이 달라져요,재치가 빛나기고 하지만 이 자리에서 나온 말이 고사성어 초심불망 마부작침 이었습니다. 혹시 이 뜻을 하세요. 요즘세대는. 그래서 오늘은 고사성어 초심불망 마부작침 에 관해서 알아보려 합니다.
조령모개,조령모개,그는 필요하다면 체면을 버리고 내가 했던 말을 취소하기도 한다면서 결과를 내기 위해서라면 조령모개아침에 내린 명령을 저녁에 바꾼다도 전혀 부끄러운 일이 아니다라고 덧붙였다. 성과에 대한 강렬한 의지는 책임감에서 비롯된다.
군계일학,[기업분석] KT 군계일학의 모습 2022.02.14,.
다다익선,인천 도화동 마카롱 맛집 조개마카롱 곰돌이마카롱 다다익선,다다익선 마카롱 맛보고 소개하고 싶어지더라고요 영업시간 월토 1100 2100 매주 일요일 휴무 주차 건물 뒤편에 주차장이 있고 맞은편 청운대에 편하게 주차 가능해요 한동안 마카롱에 빠져있어서 부평남부역에 위치한 콩설기 마카롱 가게를 자주 갔었는데 너무 멀어요 우주괴물님이 다다익선.
군계일학,신천지 새언약이행 시험 역시 군계일학,신천지 새언약이행 시험 역시 군계일학 고사성어에 군계일학이라는 말이 있습니다. 그 의미를 알아보면 닭 무리 속의 한 마리 학이라는 의미인데 수 많은 무리 가운데 단연 빼어난 존재를 가리킬 때 쓰는 표현입니다.
대기만성,[대기만성 시리즈2] 포기하지 마,1년 전 오늘 저는 대기만성 고사성어를 업로드했었어요. 제가 이번에 다시 대기만성을 떠 올린 이유는요.
함흥차사,[일본어] 관용구 함흥차사,"우리 사자성어 중 함흥차사와 동일한 표현 오늘의 대화 A 당신, 애들 데리러 간 거 아니야? 늦었잖아. B 미안. 애들이 조금만 더 놀고 싶다고 해서 기다리는 동안 노는 모습을보고 있는 게 즐거워서. A 함흥차사였네. 모처럼 맛있는 요리 만들어서 기다렸는데 식어서 맛이 없잖아."
조령모개,조령모개와 아메바조직의 유연성,아메바 경영의 아메바 조직의 유연성은 '조령모개'로 표현된다. 이 말은 아메바 경영을 실천할 때 경직된 조직이어서는 안되며 현재의.
함흥차사,함흥차사가 된 사신들,"함흥차사가 된 사신들 올해, 이 정부가 이룬 업적을 살펴보면, 검찰개혁의 기치아래 1월 2일에 법무부 장관에 임명된 추00씨를 제일전선의."
함흥차사,함흥차사,함흥차사 오늘은 하루종일 화단정리를 했어요. 늘어진나무 가지치기도 하고 그리고 겨우내 덮고 있는 나뭇잎이불도 거더내고.
백전백승,"중소기업 연봉협상, 나만 모르는 백전백승 비법!",중소기업 연봉협상 나만 모르는 백전백승 비법! 안녕하세요. 좋은 일 찾을 땐 인크루트 입니다.
조령모개,조령모개,이번 일을 지켜보면서 조령모개라는 말이 떠오른다. 아침에 영을 내렸다가 저녁에 바꾼다는 말이다. 이 말이 무슨 말인지는 굳이 설명할 필요가.
마부작침,매일 하는 일 마부작침 같은 마음으로,"매일 하는 나의 꾸준한 일에 대해 이야기해 주세요 마부작침 도끼를 갈아 바늘을 만든다는 뜻으로, 아무리 어려운 일이라도 끈기 있게 노력 하면 이룰 수 있음을 비유 내가 좋아하는 한자 숙어 중 "" 마부작침""이라는 말을 좋아한다."
수어지교,수어지교가 보내온 달력 연하장,시언재 편지 11 수어지교가 보내온 달력 연하장 정희성 제주 농부시인 신철호 인형이 덩치 큰 연하장을 보내왔다. 논어를 주제로 손수 제작한 달력이다. 정갈한 필체로 건강과 문운을 빌어주니 올 한 해 형통과 평강은 따논 당상이다.
조령모개,고사성어 조령모개 뜻,"법을 자주 고쳐 일관성이 없는 경우를 고사성어로 '조령모개'라고 합니다. 조령모개는 아침에 내려온 명령이 저녁에 바뀐다는 뜻으로 즉, 법을 자주 고쳐 일관성이 없다는 의미로 사용되고 있습니다."
함흥차사,"178 이제나저제나, 함흥차사와 함안차사","01 이제나저제나, 함흥차사와 함안차사 심부름 보냈더니. 함흥차사야! 심부름을 간 사람이 소식이 아주 없거나 회답이 좀처럼 오지 않은 상황을 비유하여 함흥차사라고 한다."
마부작침,초심불망 마부작침 나는 지금 어디에 있나,초심불망 마부작침 나는 지금 어디에 있나. 주말이지만 해야 할 것들 해야 되는 막쓴 오늘도 인사드립니다 안녕하세요. 초심불망 마부작침 처음 먹은 마음을 잊지 않고 도끼를 갈게 되면 결국엔 바늘을 만들어 낸다는 뜻입니다.
조령모개,조령모개 사고를 지녀라,"이를 '조령모개'라고 한다면, 망설임없이 일관해야 한다. 예전에 한 말과 다른 말을 하면 한 입으로 두말한다고 비난 하는 사람도 있었으나 세상이 이렇게 변화하고 있는 이상, 전에 옳았던 것이 지금은 옳지 않을 수도 있다. 변화의 시대에는 오히려 조령모개가 필요하다."
조령모개,투자자는 조령모개해야 한다 !," 조령모개는 아침에 명령을 내리고 저녁에 고친다 는 뜻이다. 삼성의 경영자들은 ""과를 내기 위해서라면 조령모개도 부끄러운 일이 아니다"" 는 결의를 다졌다고 한다. 필요하다면 체면을 버리고 스스로 했던 말을 번복하는 습관들이 오늘의 삼성을 만든것이다."
마부작침,태기산마부작침.2020.3.23,태기산마부작침.2020.3.23 20년전 함께 일하던 사람들 모두 이끌고 태기산 입구 계곡으로 1박2일 캠핑을 떠난적있다.
수어지교,수어지교,수어지교 물과 물고기의 관계와 같은 사이 아주 친밀하여 떨어질 수 없는 사이 임금과 신하 또는 부부같이 친밀한 사이를 비유하여 이르는 말 어린이경제신문 2022.03.
백전백승,"유튜브숏츠 수익, 이것만 알면 백전백승!","유튜브숏츠 수익, 이것만 알면 백전백승! 안녕하세요! 유튜브 영상촬영 및 마케팅 회사 메디라이즈 입니다. 1년 전부터 유튜브에서는 인스타그램."
군계일학,"[한장의사진] 석산토석채취장의 건설기계들, 군계일학이라 할 수 있는 굴착기의.","220106 캐논 5D Mark2 70200mm 그 중 군계일학이라고 할 수 있는 굴착기 앞에 서니, 그 웅장한 모습에 한없이 작아진다. 220106 캐논 5D Mark2 70200mm 220106 캐논 5D Mark2 1635mm, F2."
조령모개,조령모개,"조령모개라는 뜻으로 알고 있는데 이것의 활용예문장 같은 것가 궁금합니다. A 1. chop and change 동사 chop about 동사 조령모개하다 First you wanted to eat out, then you decided to cook at home, and now you say you want to order takeout."
군계일학,임영웅 뽕숭아학당 군계일학의 품위,"군계일학 많은 출연자들 속에서도, 그렇게 많지도 않은 분량속에서도 임영웅은 군계일학처럼 돋보이고 빛났다."
함흥차사,"한국어에 ""삼천포""와 ""함흥차사""가 있듯이, 영어에도 ""Timbuktu""와 ""Alamo"" 가 있다.","한국어에 지명을 이용한 표현이 있는데요, 예를 들면 어떤 일이나 대화가 엉뚱한 방향으로 진행될때 쓰는 ""잘 가다가 삼천포로 빠진다.""는 말이나, 소식이 감감한 경우에 쓰는 ""함흥차사""라는 말이 있지요. 그런데 영어에도 지명을 이용한 표현이 많아요."
군계일학,군계일학 하양만두맛집 여기가 찐,"군계일학이라는 말이 수많은 닭 무리 중에서 학이 한마리가 있다는 말인데요, 그러니 얼마나 눈에 잘 띄고 특별할까 싶어요. 맛집들 중에서도 그런 곳이 있던데요, 특히 하양만두맛집 여기는 그야말로 군계일학이라는 말이 떠오르는 곳이에요."
함흥차사,함흥차사의 뜻 깜깜무소식 함흥차사와 이성계,함흥차사의 유래와 뜻 함흥차사라는 말을 많이 들어보셨을 텐데요 함흥차사보다는 함흥냉면을 더 많이 들어보신 분들도 계실 것 같습니다.
마부작침,마부작침 배움공부에 인색한 뇌를 변화시키자!,"안녕하세요 일상의 작은 성장을 함께 나누고픈 요우메이 입니다. 책을 읽고, 배우고, 공부하는 것 이것은 개인을 성장시켜 주고 세상을 깊이 볼 수 있게 해주고 아는 만큼 보이게 하는 힘을 줍니다."
대기만성,양각자두영태농장 대기만성 포모사 자두 !,대기만성 포모사 자두도 갖을 사람은 벌써 주인이 됐구나 ! 세상은 약은자! 거짓자가! 승리하는 것이 아니고! 정직 바른자가 승리 한다는 가장 바보같은 진리를 우린 알아야! 사람사는 가장 큰 덕목은 선한 인성과 참사랑 ! 사람사는 가장 못난 짓은 마음이 악한 자이다 그래서 하늘은 스스로.
백전백승,[DBR 광화문스쿨] 백전백승 협상클래스201! 실습으로 배우는 한 끗 차이의 협상 비결,이번 교육을 통해 백전백승 협상 전문가로 거듭나세요.
마부작침, 마부작침6월 3주차,"[22.06.2022.06.26] 마부작침 도끼를 갈아 바늘을 만든다. 아무리 어려운 일이라도열심히 노력하면 이룰 수 있다. 최애 웹툰 중 하나인 ""Frenemy""에서 나왔던 인물들의 대화가 인상깊었다."
군계일학,군계일학 학립군계,"우리나라 사자성어에는 군계일학이라고 하여 ""닭의 무리 중에 있는 한 마리 학이란 뜻으로, 많은 사람 가운데 가장 뛰어난 사람을 이르는 말""을 의미하는데, 언젠가 중국 학회에 갔는데 학회지 표지에 학립군계라고 쓰여 있었다."
독서망양,[고전에서 보는 투자] 투자는 결과가 중요. 장자의 독서망양,"의 독서망양 글을 읽은 것은 장려되는 일이고, 주사위놀이는 부정적으로 인식되는 일일 것이다. 하지만 손해를 본 것은 마찬가지다. 투자에 비유를 하자면, 도박같이 투자를 하든, 수백권의 책을 읽고 가치투자를 하든간에, 돈을 잃었으면 마찬가지다."
마부작침,도끼를 갈아서 바늘을 만든다 마부작침,"도끼를 갈아서 바늘을 만든다 마부작침 마부작침! 이는 도끼를 갈아서 바늘을 만든다는 뜻이다. 아무리 어려운 일이라도 참고 계속하면 언젠가는 성공한다는 의미를 담고 있다. 시선으로 불리는 당나라 시인 이백, 자는 태백 이 어렸을 때 이야기다."
조령모개,조령모개 무슨 일을 자주 변경함,.
마부작침,"신천지 이만희 총회장님 정신 ""마부작침""",신천지 이만희 총회장님 정신 마부작침 어둠에 잠자는 심령을 빛이신 생명의 말씀으로 깨우고 인도하시는 신천지 이만희 총회장님 마부작침 하나님을 향한 정신은 세상 그 누구도 따라올 자가 없지요 신천지 이만희 총회장님께서는 오늘도 이 땅에 하나님 나라 천국 이루기 위해 핍박과 고난.
조령모개,[586] 오늘 사자성어 조령모개의 뜻은?,날 조령모개 아침 조 하여금 령 저물 모 고칠 개 아침에 내린 명령을 저녁에 바꾼다는 뜻. 범령의 개정이 빈번하여 믿을 수 없음. 아침에 조세를 부과하고 저녁에 거둬들임.
백전백승,NCS? 정확하게 알고 준비하면 백전백승!,"NCS, 내가 알고 준비해야 백전백승! 이렇게 우리나라의 국가직무능력표준NCS의 도입과 기업별 실행 현황까지 알아보았습니다."
마부작침,고사성어 196. 마부작침끝내 이루리라.,"마부작침 세전, 이태백독서산중, 미성기거, 과시계, 봉노온방마철저, . 마철저 또는 마부작침이 유래되는 문장이다."
백전백승,스마트폰게임 백전백승 CBT 후기,"스마트폰게임 백전백승 CBT 후기 에키홀릭 코스프레로 더 많은 관심을 받고 있는 스마트폰게임 백전백승을 먼저 해보았다. 현재 CBT가 진행 중인데, 누구나 참여 가능한 CBT 이다. 필자가 이 게임 해외판을 해보고 기대를 많이 했던 이유는 AOS모드가 있기 때문이다."
마부작침,초심불망 마부작침 ,"초심불망 마부작침 1월이 추운 겨울이었다면, 2월은 따스한 봄기운이 기대되는 달이다. 2월은, 입춘. 3일수, 설날12일. 이를 한자성어로 초심불망 마부작침 이라 한다."
함흥차사,"함흥차사 RTX 3090ti, 3월 말 드디어 출시?",출처엔비디아 반도체 수급난과 암호화폐 채굴로 그래픽카드GPU 대란 후유증이 지속지고 있다. 공급이 부족한 마당에 채굴업자들의 사재기가 기승이다. 애가 타는 건 소비자다. 지포스 RTX 3000번대를 건너뛰겠다는 목소리까지 나오고 있다.
마부작침,마부작침,마부작침 마부작침뭉툭한 도끼도 계속 갈면 마침내 바늘이 된다. 쉼 없는 단련이 강자를 만든다. 고난이 없으면 성공도 없다. 꿈을 이루려면 땀을 흘려야 한다. 반복은 기적을 일구는 힘이다. 무슨 일이든지 오래 되풀이하다보면 그 일이 몸에 붙어 익숙해진다.
마부작침,마부작침,마부작침 도끼를 갈아서 바늘을 만든다는 뜻으로 아무리 어려운 일이라도 참고 계속하면 언젠가는 반드시 이룰 수 있다. 시선으로.
군계일학,군계일학,"따라서 군계일학이라함은 닭의 무리 가운데 한마리의 학을 의미한다. 이는 여러 사람 가운데 뛰어난 한 사람을 지칭한다. 이번 20대 대통령선거에서 후보가 10여명 난립했으나, 정작 당선된 사람만이 군계일학의 칭호를 듣게 되었다."
마부작침,"다시 쓴 초심불망 마부작침, 먹과 종이의 조화",남편이 먹색과 글씨의 완성도가 떨어진다고 퇴짜를 놔서 다시 쓴 초심불망 마부작침. 만수무강 먹을 기계로 갈아썼더니 번짐이 이상해서 제가 주로 쓰는 연습먹인 만고심으로 썼더니 더 낫네요.
백전백승,지피지기백전백승,"지피지기면 백전백승이다.라고 했다. 나를 알고 상대?나 아닌 모든 것을 알면 성공한다.로 해석된다. 싸워 이기는 경쟁이 아닌, 함께하는 창조로 잘 살아가 보자. 감사일기목표쓰기 자녀에게 전하는 하루한줄 챌린지 독서 신도 내가 필요해. 부자는 과학이다."
마부작침,마부작침 대통령이 되겠다는 윤석열 최재형에게 묻다,"마부작침 도끼를 갈아 바늘을 만드는 것이 불가능한 것은 아니다. 수년, 수십년을 갈고 닦으면 도끼를 바늘로 만들 수 있다. 그러나 도끼를 바늘로 만든 행위가 의미있으려면 도끼보다 바늘이 더 쓰임새가 많거나 가치로운 일을 하는데 쓰일 때만이다. 마부작침, 이라는 사자성어가 있다."
군계일학,고사성어 31. 군계일학,"재작일초견, 소어혼잡지군중, ?기자척, 여군계일학야.진서 소전 다시 어제 비로소 그를 보니, 혼잡한 무리들 속에 혜소는, 그 자세와 기계가, 마치 군계일학 같더군.진서 혜소전 ?."
함흥차사, 함흥차사, 함흥차사 함흥으로 파견된 차사. 심부름을 가서 아무 소식이 없이 돌아오지 않거나 늦게 오는 사람을 비유적으로 이르는 말.
백전백승,연산동허벌라이지피지기면 백전백승 유전자다이어트가 궁금하다면,여러부 지피지기면 백전백승 나를알고 적을알면 백전백승! 유전자 다이어트 들어 보셨나요? 요즘은 정보화시대! 넘쳐나는 다이어트방법들과 다이어트 정보들로 과부하 걸릴지경 헌데 '적'의 정보는 너무도 많지만.
독서망양,[892] 오늘 사자성어 독서망양의 뜻은?,"독서망양 읽을 독, 글 서, 잃을 망, 양 양 책을 읽다가 양을 잃었다는 뜻."
마부작침,"끈기로 한자사전 씹어먹기 도전, 마부작침 ,오늘의 한 단어, 고사성어 필사 1",마부작침 끈기로 한자사전 씹어 먹기 프로젝트 끈기와 한자가 맞짱 뜨면 누가 이길까 궁금해졌습니다. 마부작침의 심정으로 한바탕 신나게 한자와 놀아보겠습니다. 먼저 끈기로 한자사전 씹어먹기에 도전을 선언합니다.
군계일학,병점 동탄 어머니한복 욕심없이 툭 걸쳐도 입는 순간 군계일학 !,순간 군계일학 내가 가장 빛나는 날 저절로 어깨가 으쓱해지는 느낌 남들보다 내가 먼저 알게 되죠 내 결혼식에 우리 어머니가 그렇게 가장 빛나는 모습이셨으면 싶으신 병점 동탄의 신랑신부님이시라면 지금부터 저랑 어머니한복 욕심 없이 툭 걸쳐도 입는 순간 군계일학!이라는 소문의.
백전백승,백전백승이 가능한 트레이딩,손실극소 수익극대화가 가능한 10분할 매매전략과 칼손절이 있기 때문에 겁낼 이유가 없습니다. 하오니 겁먹지 마시옵고 과감하게 도전하시기 바랍니다. 그리고 실전에서의 용맹정진이란 대장주를 선택했을 때에만 발휘가 가능한 것입니다.
조령모개,유형별 공부 잘하는 비법. 8. 조령모개의 의지박약형.,"안녕하세요 시옷연구소입니다 오늘은 유형별 공부 잘하는 비법 8번째, 조령모개의 의지박약형입니다."
마부작침,마부작침,"지난날을 그리워하지 않고 다가오지 않은 미래에 대해서도 그다지 염두에 두지 않는 지극히 현실주의자인데, 오늘 새벽에는 잠에서 깨며 ""마부작침""이라는 단어가 떠올랐습니다. 도끼를 갈아 바늘을 만든다."
군계일학,군계일학,"군계일학 Collecting 군계일학 이라는 고사성어는 비교적 자주 사용되는 성어중의 하나이다. 닭의 무리속에 한 마리의 학이라는 뜻으로, 평범한 사람들 가운데 뛰어난 한 사람이 섞여 있다는 의미이다. 개미 채집시 여왕을 만나면 늘 이 사자성어가 떠 오르곤 한다."
독서망양,[좋은글] 독서망양 책에 빠져 양을 잃다. 정민 일침,"정민, 일침, P113, [장자, 번무편, 독서망양] 독서는 내 안에 차곡차곡 쌓이는 것이 있지마, 노름을 하면 돈과 명예가 흔적 없이 사라져 버린다. 큰. 인생의 목표부터, 오늘의 목표까지. 끊임 없이 고민한다. 행복하자! 가장 위에 있지만, 가장 모호하다. 독서망양."
다다익선,법인설립목적은 다다익선?많으면 좋은가,"법인설립목적은 다다익선? 그렇다면 법인설립목적은 다다익선일까요? 많으면 많을 수록 좋은 걸까 라는 궁금증이 생깁니다. 100 옳은 정답은 아닙니다. 많으면 많을 수록 다양한 사업을 진행하고 성장 가능성이 크며, 다양한 수익모델을 가지고 있기에 안전하다고 비춰질 수 있습니다."
개과천선,"개과천선하다, 환골탈태하다, 심기일전하다 영어 표현","의미에서 개과천선 하다, 환골탈태 하다, 심기일전 하다"" 라는 말을 영어로는 어떻게 표현하고 있는지 알아보려고 합니다 우선 국어사전에서 그 뜻을 찾아보았더니 아래와 같이 풀이하고 있더군요. ."
마부작침,우공이산 마부작침,아무거나 가져다 붙이면 되나? 5톤의 흙 시작은 미약 했으나 그 끝은 창대하리라 이 많은 흙을 어디로 옮길까요? 여차여차 해서 선주지동에 흙부자가 됐다.
수어지교,"미니베이 TV 제 37 화 "" 수어지교 """,수어지교 [] 물 수 물고기 어 갈 지 사귈 교 매우 친밀하게 사귀어 떨어질 수 없는 사이 물고기와 수초는 수어지교와 같이 떨어질래야 떨어질 수 없는 그런 사이가 아닐까 생각합니다.
대기만성,코 피지 녹이기 대기만성 관리법,그야말로 대기만성이라 할 수 있죠 이를 위한 준비물은 멜팅클리어 화장품과 화장솜이고요 23일에 한 번씩 클렌징 폼 세안 전에 물세안 후 잠깐씩 사용해 주면 됩니다 스킨팩 만들 듯 화장솜에 멜팅클리어 제형을 듬뿍 적셔 주는 것이 첫 단계입니다 다음으로 코 피지 녹이기 필요한 부위에 밀착시켜.
군계일학,"보령 신촌지 1박낚시 수채화 풍광 아래, 잔씨알 속에서 군계일학 그 님을.","잔씨알, 잡어 속에서 황금갑옷 두른 네가 군계일학. 이따금씩 올라오는 잔씨알 귀요미. 늦은 오후 다시 잔잔해진 수면에 기대감 상승. 어슴프레할 때 올라온 잔씨알. 거울처럼 잔잔해진 수면. 어둠을 벍히는 6개의 캐미불. 다시 5대로 줄이고."
마부작침,마부작침,"마부작침 [도끼를 갈아 바늘을 만든다] 는 뜻으로, 아무리 어려운 일이라도 끈기 있게 노력하면 이룰 수 있음을 비유 하는 말."
마부작침,"20대 대선 후, 정치권에 마부작침을 주문한다 정치권의 협치와 합치가.","제20대 대통령이 누가 되든 불문하고 정치권에서 머리를 모으고 한반도 내에서의 지정학적 리스크를 해소함과 더불어 국제사회 속에서 좀 더 높은 위치에 다가갈 수 있도록 마부작침 즉, 도끼를 갈아 바늘을 만든다란 마음으로 정치권의 협치와 합치가 이루어질 수 있도록 최선의."
함흥차사,함흥차사 CJ택배를 두고 하는말,"근데 그 k택배에 문제가 생겼다 함흥차사란 말이 있다 '조선 초 태조 이성계를 모시러 함흥에 갔다 돌아오지 않은 사신을 가리키는 말로, 심부름을 간 사람이 소식이 아주 없거나 또는 회답이 좀처럼 오지 않음을 비유하는 말이다' 지금 내가 시킨 택배가 그래."
마부작침,마부작침,"마부작침 아무리 어려운 일이라도, 참고 계속하면 반드시 성공한다. ''중도에 그만두지 않는다'' 결과를 만들어 내는 노력 어느 날 화가의 친한 친구가 그를 찾아왔습니다. 친구는 다짜고짜 수탉 그림을 그려달라는 부탁을 하는 것이었습니다."
마부작침,방세환의 사자성어 마부작침,방세환과 함께하는 사자성어.
다다익선,다다익선을 노려라,여러종류가 있었는데 그 중에서 여러 개를 맛봣는데 다 맛있더라며 아근디 다다익선이라며 2개사면 50할인을? 우와 그걸 보더니 큰딸이 나보고 고르랜다 사준다며.
군계일학,조폭영화의 군계일학 달마야 놀자 정보,조폭영화 중의 군계일학이라고 해도 손색이 없다고 생각합니다. 킬링타임용으로도 좋으니 지루한 주말을 보내고 계신 분들은 꼭 한번 보실 것을 추천드립니다. 시리즈온과 웨이브에서 보실 수 있으니 아래 링크를 참고하세요.
백전백승,자기소개서 면접 합격 전략 백전백승 꿀정보,자기소개서 면접 합격 전략 백전백승 꿀정보 안녕하세요. 자기소개서 합격에 필요한 방법은 여러가지고 있고 자기소개서 면접 이 모든 관문을 거쳐야 합격하는것이 바로 취업이랍니다.
군계일학,"""수많은 평범한 사람들 중에 눈에 띄게 뛰어난 한사람""을 일껃는 고사성어 ""군계일학.","군계일학 무리 군, 닭 계, 일 일, 학 학 군계일학이란, ""닭의 무리들 중에 있는 한마리의 학""이란 뜻입니다. ""학""은 옛날부터 고귀하고 장수를 상징하는 신비로운 동물로 여겨져 왔는데요."
대기만성,지장간에 있는 용신 천간에 투출되지 못하면 대기만성 사주 통근 되어야 힘있어,용신이 지장간에 있고 그것이 천간에 투출되지 못하면 제대로 발현되지 못하므로 대기만성 사주가 됩니다. 천간과 지장간의 관계에서 통근과. 이렇게 표현되고 나타나고 실현되는데 시간이 걸리니 이것이 용신이라면 대기만성 사주가 되는 것입니다.
개과천선,요.알.못 자취생의 개과천선,간이 맞질 않아 물을 더 붓는다 밍밍해져서 다시 간을 한다 너무 짜다 물을 더 넣는다 반복하다보면 작은 한 사발이 아닌 들통이 된다. 이제는 이런 모습을 멀리한 지 오래되었다. 뿌듯 불과 작년 초까지만 해도 자취를 한지 나름 오래됐음에도 요리를 잘 할 줄 몰랐다.
대기만성,대기만성,대기만성에 대한 심각한 오해 대기만성이란 말은 노자의 도덕경 제 41 장에 나오는 말이다.
군계일학,대구 할매국밥집들중 군계일학을 보여주는곳. 본점은 없어졌지만 맛집은 남아있다.,군계일학 성서맛집 성서할매국밥 8XtTYHuaXKo 상호명 진배기할매국밥 성서점 주소 대구 달서구 달구벌대로 1225 영업시간 24시간 연락처 대구 달서구 이곡동 성서산업단지역 도보3분정도 거리 성서쇼핑월드 끝자락에 위치한 성서할매국밥 입니다.
마부작침,마부작침과 현타," sigmund, 출처 Unsplash 마부작침 이라는 말 좋아한다. 무엇이든 꾸준이 해내지 못하는 성향 탓이리라. 그러나 나 뿐은 아닌듯 하다. 성향과 상관 없이 쉬운 일은 아니라 생각 한다."
마부작침,초심불망 마부작침 초심을 잃지 말자! 정문기 교육인,"초심에 대한 저의 생각과 일상 이야기 '초심불망 마부작침'의 의미와 유래에 대해 포스팅해 보려고 해요. 어제 새벽 늦게까지 18회차 비대면 교안을. 정강사 ""초심을 잃지 말자!"" 초심불망 마부작침 '초심을 잃지 않고 도끼를 강아 바늘을 만든다!' 는 뜻입니다. 이 뜻에 일화가 있습니다."
백전백승,[월부실전준비반 강의후기 4강후기3]아는 것이 힘이다!지피지기면 백전백승,"지피지기면 백전백승이라는 말이 있듯이 협상 시, 상대방의 상황을 많이 알고 있는 것이 중요합니다. 투자 시, 세입자의 상황을 파악하고 있으면 이점을 주면서 서로 WINWIN 할 수 있기 떄문입니다. 무조건 나한테만 유리한 것은 없습니다. 그럼 협상은 이루어지지 않습니다."
마부작침,후천적 금수저 마부작침,이때 매일 생각하던 사자성어가 있었는데요 마부작침입니다. 도끼를 갈아서 바늘을 만든다는 뜻입니다. 도끼를 갈아서 바늘을 만들려면 얼마나 노력을 해야 할까요? 시간이 걸려서 그렇지 결국은 바늘을 만들 수 있겠지요 그렇게 마음을 바꿨습니다.
조령모개,조령모개,"그리고 넷째는 조령모개, 아침에 내린 명령을 저녁에 다시 고치는 즉흥적이고 일관성 없는 행정입니다. 조령모개라는 널리 알려진 고사성어의 유래입니다. 한서 식화지에 나오는 내용입니다."
조령모개,리더십조령모개리더십vs꼰대리더십경영환경변화트렌드변화동아애드곽대훈이야기,"조령모개 리더십은 선택이 아닌 필수이다. 요즘에 와서 '조령모개 리더십'에 대하여 생각해보게 된다. 가능하면 리더로서 언행일치를 할려고 노력하고, 일관성을 유지할려고 노력한다."
대기만성,대기만성의 대표적인 블록체인 Pi Network파이코인,많은 실패를 경험했을 때에야 비로소 대기만성도 할 수 있다는 의미입니다. 발명왕 에디슨도 만 번의 실패 끝에 전구를 만들었습니다. 이 전구가 만들어지기까지는 그도 아득할 만큼의 많은 인내가 있었을 것입니다.
독서망양,독서망양 글을 읽다가 양을 잃어버리다,독서망양 글을 읽다가 양을 잃어버리다. 다른 일에 정신을 빼앗겨 본래의 일을 소홀히 하는 것을 가리킨다. 출전은 장자 변무편 하인과 하녀 두.
군계일학,닭 무리 속에 끼여 있는 한 마리의 학이라는 고사성어 군계일학,닭 무리 속에 끼여 있는 한 마리의 학이라는 고사성어 군계일학 흰꽃창포 중국 진서 혜소전에 위진시대 죽림칠현. 고사성어가 군계일학이다.
수어지교,수어지교 뜻과 유래를 알아봅시다.,"물고기가 물을 만났다는 뜻의 수어지교라는 고사 성어인데요, 이 고사 성어의 유래가 재미있어서 알려드리려고 해요 이 고사 성어의 유래는. 유비가 제갈량을 만나 힘을 키운 것을 빗대어 물 만난 물고기라는 뜻의 수어지교라고 전해지는 것입니다."
마부작침,마부작침도끼를 갈아 침을 만든다,"오늘은 한 고사성어를 보고 생각하게 되는 점이 많아서 '마부작침'이라는 고사성어에 대해서 말씀드리고자 합니다. 갈 마 도끼 부 지을 작. 이후 마음이 해이해질 때마다 그 할머니가 말한 말을 다시금 새겨, 학문에 대한 열의를 다졌다는 내용의 사자 성어가 바로 마부작침입니다."
함흥차사,함흥차사,이 사람이 가더니 함흥차사네. 라는 말을 종종 쓰지요. 아이들하고 있을 때도 아이한테 뭘 시켰는데도 빠릿빠릿 하지 않고 한참 뒤에 나타나면 어째 보내놨더니 너는 함흥차사냐. 처럼 써주면 좋을 것 같아요.
백전백승,"체계적인 웹소설 작법에 도움이 될 웹소설 작법서, 백전백승 웹소설 스토리 디자인",웹소설작법 웹소설작법서 작법서 백전백승 웹소설 스토리 디자인 김선민 웹소설 작가가 되고 싶은 분들을 위한 웹소설 작법서 백전백승 웹소설 스토리 디자인 김선민 지음 허들링북스 22.06.20 백전백승 웹소설 스토리 디자인 저자 김선민 출판 허들링북스 발매 2022.06.20.
대기만성,"타인과 비교금지, 당신은 늦은게 아니라 대기만성 입니다. 한자일기 필사 22","대기만성, 한자일기 필사 비교 어떤 선택을 하든, 무슨 일을 하든, 결과는 모두 내 탓이다. 모든 책임은 나에게 있다. 아직 내 타이밍이 오지 않았다, 나는 대기만성일 뿐이다,라고 스스로를 위로하고 격려하라."
다다익선,"전자렌지 치즈라면 만드는법, 다다익선 CHEESE요리","다다익선 CHEESE 전자렌지 치즈라면 만드는법 INTRO 생각해보니 냉장고에 슈레드치즈 넣어둔지 꽤 오래됬더라고요. 개봉한지 몇 달이고 마지막으로. 배운것은 다다익선, 치즈는 많이 넣어야 된다는것 이네요. 진짜, 언젠가 치즈오븐스파게티 수준으로 끓여볼거에요."
조령모개,작심삼일에 대하여조령모개!,독자제현께서는 부디 새로운 다짐을 잘 지켜내기를 기원합니다. 작심삼일과 유사어로는 조령모개 법령을 자꾸 바꿔서 종잡을 수 없음에 비유하는 말.
개과천선,"210522 한 여름의 꿀호떡, 개과천선 배우님","개과천선 배우님 플라이스, KW북스 사진출처 리디북스 하루종일 아이스크림, 호떡 먹은 얘기에서 끝낼까 하다 오늘 새로 읽기 시작한 웹소설도. 제목 그대로 개과천선한 배우님 이야기다. 오늘까지 140화가 나온 듯하고, 연재 중이며. 나는 방금 전까지 15화까지 읽었네."
대기만성,대기만성의 밤나무,대기만성의 밤나무 소나무와 대나무는 절개와 지조를 상징하듯이 우주의 모든 피조물에는 상징이 있습니다. 그 중에 밤나무는 대기만성을 상징하는 나무입니다.
군계일학,군계일학의 유칼립투스,이번에 파종한 8종의 유칼립투스들 중에서 군계일학의 미모를 가진 녀석이 있네요 저만의 개인적인 취향도 분명 작용했겠지만 제가 키워본.
마부작침,안산 금메달 양궁3관왕 기적의한발 마부작침 DreamHelper박대호, 마부작침 도끼를 갈아 바늘을 만든다! 도끼를 바늘로 만든다는 것은 어떻게보면 어리석게 보일수도 있지만 자신을 수련하고 끈질기게.
백전백승,"백전백승 전략, 백전백패 전략",사람과의 싸움에서는 백전백승을 기대할 수 없다. 컨디션과 환경에 따라 이기기도 하고 지기도 한다. 그러나 영적 싸움에서는 백전백승도 백전백패도 가능하다. 2. 영적 싸움에서는 그 대적이 보통 인간들이 아니기 때문이다.
수어지교,"유비와 제갈량의 관계, '수어지교'","수어지교란 물과 물고기의 사귐을 이르는 말로, 이는 물고기가 물을 떠나서는 살 수 없듯이 떨어질 수 없이 아주 가까운 사이를 말한다. 즉, 나와 제갈량은 물과 물고기 같은 사이인 '수어지교'니, 더 이상 이 일에 왈가왈부하지 말아라."
마부작침,마부작침 ,마부작침은 도끼를 갈아 바늘을 만든다 라는 뜻으로 아무리 어려운일도 끈기있게 노력하면 이룰 수 있음을 비유하는 말 입니다. 자기개발 관련. 마부작침 노력 끈기 투자를 하다보면 오늘처럼 큰 폭 하락하거나 오랜시간 수익이 나지 않을때마다 포기할까 라는 생각을 많이 합니다.
다다익선,"초등 영어 리딩 교재 My Next Reading, 리딩은 다다익선 "," 원서 동화책이건 리딩 교재이건, 리딩은 다다익선입니다. 다음 번엔, 이러한 리딩 교재를 좀 더 효율적으로 학습할 수 있는 여러 방법을 포스팅해볼게요."
군계일학,군계일학 닭떼 속의 두루미 한마리 강남 상가 임대,하지만 해당 매물은 군계일학이라는 사자성어가 정말 잘 어울릴만한 외관 디자인 보여주고 있는데요 강남의 이면 곳곳에는 아직도 구옥 건물들이 상당히 많은데요 신축건물답게 눈에 확 띄는 외관 디자인으로 어느 업종이 들어가시더라도 오가시는 손님분들께 강한 인상을 남겨드릴 수 있을것.
다다익선,갤럭시워치 스포츠루프 우먼스9999 줄질은 다다익선,몇 달 전에 갤럭시워치4를 구매해서 잘 사용하고 있는 얌생이에게 스트랩을 선물했었어요 워치의 묘미는 줄질이 맞더라구요 스트랩은 다다익선! 그동안 사용한 블랙은 잠시 제쳐두고 오늘은 여름에 어울리는 스트랩 후기를 써볼게용 갤럭시워치스포츠루프 갤럭시워치스트랩교체.
조령모개,27. 당신은 어떤 유형의 엄마일까? 조령모개 형,"그 때, 그 때 달라요 조령모개 형 자식에게 가장 중요한 교육환경은 바로 부모이다 인간은 순간순간 작용하는 감정으로 인하여 안팎이 항상 일치하기가 어렵다."
개과천선,"제 2의 탄생기, 질풍노도의 시기를 넘어 가치관을 가지게 된 양아치의 개과천선 이야기","양아치 역할도 잘 어울렸고, 개과천선하여 정의로운? 강력반 형사의 역할도 잘 어울렸다. 양아치를 교육시켜 변호사도 만들고, 경찰도 만드는 범표강신일는 교육감 후보로 내보내야 할 것 같은 영화이다. 기업이나 조직에서 훗날을 위해 투자하여 키우는 장학생."
개과천선,개과천선?!,"젊은 조카한테 과거의 제가 너무 부끄러워서, 이제 개과천선했으니 과거는 잊어달라고 간곡히 부탁을 했습니다. 무슨 얘기냐구요. 예전, 30년쯤 전. ""아, 그거 좀 잊어 주면 안되겠나?, 이모부 정말 개과천선했다. 제발 옛날일 좀 잊어다오"" 이렇게 간절히 부탁했습니다."
조령모개,"정족지세, 제왕절개, 조령모개, 조삼모사, 좌고우면, 좌불안석, 주객전도, 주마가편","조령모개 조변석개 조령모개는 아침에 명령을 내리고서 저녁에 다시 바꾼다는 뜻으로, 법령이나 명령이 자주 뒤바꾸는 것을 이르는 말입니다 이랬다 저랬다 하는 사람들이죠 같이 일하기 가장 힘든 스타일이에요! 유의어는 조변석개가 있습니다 326."
개과천선,[독서] 서울 자가에 대기업 다니는 김 부장 이야기 1 이 시대의 꼰대 개과천선 이야기," icidius, 출처 Unsplash 감상평 이 시대의 꼰대 개과천선 이야기 리키 가독성이 워낙 좋아 서점에서 들자마자 바로 읽어버린 책이다. 너무나도 2021년 부동산 대상승장에 잘 어울리는 책이었다. '김 부장'이라는 캐릭터를 통해서 부동산 이야기를 풀어나가는 작가의 필력에 감동했다."
마부작침,마부작침,마부작침 도끼를 갈아 바늘을 만든다 도끼를 작은 바늘이 될때까지 간다는 것은 어려운 일이라도 끈기 있게 노력하면 목표를 이룰 수 있다는 뜻.
대기만성,[나공부] 대기만성,"큰 그릇은 늦게 이루어진다는 뜻을 가진 '대기만성' 20대 초반 시절, 하루 빨리 제 자신이 잘 되길 바라는 조급한 마음에 철학원가서 처음으로 사주 상담을 받아본 적이 있었습니다. 상담을 해주시는 분께서 저에게 "" 자네는 대기만성형자수성가 사주"" 라고 말씀해주셨습니다."
다다익선,여자손목시계브랜드 다니엘 웰링턴 다다익선 썸머할인을 즐겨,다다익선이란 이름이 딱 어울리는 할인이벤트에요 꼭 기억해야하는 것은 여자손목시계브랜드 공식 홈페이지에서 주문해야한다는 것과 썸머 프로모션 전용 할인코드 DW8181 요 할인코드는 여름프로모션 기간에만 사용할 수 있어요2021.07.
군계일학,"고사성어 ""군계일학""","고사성어 ""군계일학"" 수많은 사람들 가운데서 뛰어나게 우수한 사람을 말한다."
함흥차사,2021.09.23 EMS가 함흥차사,EMS는 일본에서 국제 스피드 우편으로 취급하며 제일 빠른 속도를 특징으로 인식하고있는데 회사에 육아휴직으로 제출해야 서류의 원본이 아직 도착을 안했다. 14일에 와이프가 붙였는데 말이다. 더구나 우편추적 이력을 보면 더 가관이다.
마부작침,고전산책마부작침,마부작침 마부작침은 도끼를 갈아서 바늘을 만든다는 뜻으로 아무리 어려운 일이라도 참고 노력하면 언젠가는 반드시 성공한다는 것을 비유하는 말입니다. 끈기있게 학문이나 일에 정진하는 것을 비유할 때도 쓰입니다.
마부작침,마부작침,마부작침 갈 마 도끼 부 지을 작 바늘 침 도끼를 갈아 바늘을 만든다는 뜻 도끼를 갈아 바늘을 만들기 위해서는 엄청난 노력이 필요합니다. 이는 아무리 어려운 일이라도 참고 계속하면 이룰 수 있다는 뜻입니다.
군계일학,"롱패딩 점퍼 열풍 속 군계일학, 코트",코트를 제외한 다른 아이템의 컬러는 블랙으로 통일하는 것이 무난하다. 고수라면 웜톤 혹은 쿨톤처럼 비슷한 계열끼리의 미묘한 조합을 즐겨보길. 칙칙한 패딩 점퍼들 사이에서 당신이 곧 군계일학일 테다.
다다익선,다다익선,"그럼, 그대는 어느 정도 군대를 거느릴 수 있는가? 저야 다다익선이지요. 많으면 많을수록 좋다는 말입니다. 흠, 나는 기껏해야 10만이고. 것이옵니다. 다다익선은 여기에서 나온 말이다."
수어지교,[단편]수어지교 11월 팸미션누군가의 과거,머릿속에 스쳐가는 사람들의 모습들. 작년이었다. 지하세계에서 인간계로 올라온 날 아니 그렇다고 믿었던 날. 내 주머니에서 빠진 손수건을 주워주었던 남자 지금은 내 남자친구. 나는 24살이고 여자이다. 이름은 이아람 2년전이었나? 과제를 위한 자료를 찾던 중 정신을 잃었다.
독서망양, 독서망양, 독서망양 읽을 독 글 서 망할 망 양 양 뜻 글을 읽다가 양을 잃었다는 말로 마음이 다른곳에 쏠림을 의미한다 예시 아무리 쉬운 문제라도 집중해서 풀지 않으면 실수로 틀리는 독서망양의 결과를 가져온다.
함흥차사,응급실에 들어가면 함흥차사?,"왜 응급실만 들어가면 함흥차사인지, 빨리 진행이 잘 될 줄 알고 응급실을 갔는데 이건 오히려 왜 더 걸리는지 답답하셨던 분들을 위해 응급실의 입원까지의 과정에 대해 간략히 적어보았다. 하지만 이는 일반적인 상황이며 정말 초응급한 상황에서는 모든 것이 정신없이 지나간다."
조령모개,조령모개,나쁜 정치의 표본이 조령모개이다. 요즘엔 잘 안 쓰이는 말이지만 얼마 전만 해도 망하는 나라의 증상에 가장 많이 등장하는 말이었다. 아침에 명령을 내리고 저녁에 수정한다는 말인데 가장 실력 없고 졸렬한 정치라는 거다.
조령모개,[칼럼] 감독의 중요한 자질은 '조령모개'!?,지휘관의 중요한 자질은 '조령모개'!? 고쿠보 감독의 나카타 4번 타순 고정을 생각하다. 2014년에 타점왕을 차지하는 등 장타력에 찬스에.
군계일학,군계일학의 불편한 심리.,군계일학이라 함은 여러 마리의 닭들 중에 한 마리의 학을 뜻한다. 많은 사람들 중에 뛰어난 인물을 가리킨다. 이 성어는 내게는 좀 폭력적인 이미지다. 왜일까? 군계일학 속에는 '비교'가 숨어있다. 웬지 한마리 학만을 강조하는 듯한 늬앙스가 풍긴다.
백전백승,"개인사업자, 종합소득세 과세표준 알면 백전백승 !",안녕하세요. 사업이 즐거워지는 세모장부 입니다. 개인사업자에게 있어 5월은 종합소득세를 신고하고 납부하는 월이라고 할 수 있을 정도로 가장 큰 이슈이죠 종합소득세를 이해하기 위해서는 종합소득세 세율과세표준에 대해 먼저 알아야할 필요가 있습니다.
군계일학,"군계일학, 알짜배기를 영어로?","오늘은 '최고 중의 최고!' 우리가 잘 알고 있는 사자성어로는 '군계일학' 이라고 하죠! 그 뜻과 같은 영어표현을 한번 공부해볼게요 The cream of the crop 가장 좋은 것, 최상의 것, 단연 최고, 알짜배기."
함흥차사, 함흥차사,"[rubozidgu] 함흥차사, 되찾을 수 없다, 고기만두를 개에게 던져주듯 한번 가면 다시 돌아오지 않는다 너 결국 저따위 자식에게 돈을 꿔주었으니 그냥 날린 거나 진배없다."
개과천선,지나간 허물을 고치고 착하게 된다는 고사성어 개과천선,지나간 허물을 고치고 착하게 된다는 고사성어 개과천선 꽃부추라는 아르메니아 진나라 헤제 때 양흠 지방에 주처라는. 자네가 굳은 의지를 가지고 개과천선 지난날의 허물을 고치고 새롭게 착한 사람이 된다면 자네의 앞날이 무한한 것일세.
조령모개,"조령모개, 조반석죽","조령모개 법이나 명령을 자주 바꿈 조변석개 조반석죽 구차하고 가난한 생활 아침 조 명령 령 저녁 모. 비슷한 말 조변석개, 고려공사 삼일 예시문을 보자 ex 입시제도가 조령모개로 바뀐다."
개과천선,개과천선,사실 블로그 쓰는거 꽤나 재밌음 진심 저 이제 개과천선 해볼게요 욕도 끊고 뉴 라이프를 사는거야! 이 쿠키런 빵 추천함미다 다들 사먹으세요 나애 소망임 Previous image Next image 런던 잘 갔다와 Previous image Next image 그리고 과소비의 하루 시험기간 과소비 국룰 새벽에 자두.
마부작침,초심불망 마부작침,'초심불망 마부작침' 초심불망 마부작침 뜻은 초심을 잃지 않고 도끼로 바늘을 만든다 매일 조금씩 한다는 것이 쉽지 않지만 이게 사실 가장 어렵고 어떻게 보면 전부인 것 같아요.
마부작침,"마부작침, 노력의 끝판왕!","실제로 깊은 학습을 해야하는 대학생 이상도, 직장인도 마찬가지다, 데일리 양식지 원리를 적용해서 꾸준한 학습습관을 형성할 필요가 있다."
조령모개,[일상] 조령모개,1. 분명 이제 5번 정도 출근하기로 했던거 같은데. 내가 그걸 심지어 2달부터 이야기했는데. 아직 공고를 왜 안올렸는가 내심 궁금해하긴 했었다만 여차 저차해서 하루 더 출근해야할 거 같다. 쩝. 집 간다해도 별 다른 계획이 없긴 하지만 이렇게 되니 좀 당황스럽다.
개과천선,허성태 배우님의 개과천선,허성태 배우님이 개과천선 한걸까요? 멈춰! 마약마케팅 켐페인에 동참하시는 걸까요? 허성태 배우님! 계속 이런 모습을 보여주세요 그러면 더욱.
수어지교,수어지교.,수어지교. 의미. x물고기는 물이 있어야 살 수 있는 것과 같이x 물과 물고기의 섞임. x부부나 군신관계의 서로 끊을래야 끊을 수 없는x 친밀한 사이를 뜻한다. 눈감아 주는 사이. x변하지 않는 깊은 교우 관계에도 이 성어를 쓴다.
마부작침,"BTS 뷔,미국 품절대란 일으킨 화장품 립밤의 마부작침",참 인생사 . 마부작침 이번에 들린 아이소이 립밤이 뷔로 인해 품절대란 된 기사보면서 '마부작침' 사자성어가 떠올랐어요. 의미는 도끼를 갈아 바늘을 만든다는 말이에요.
조령모개,"경희애문화 오늘의 사자성어, 조령모개 []",경희애문화 오늘의 사자성어 조령모개 [] [아침 조명령 령저물 모고칠 개] 아침에 명령을 내렸다가 저녁에 고친다. 법령이나 착수한 일을 자주 뒤바꾸다. 조령모개 [] [아침 조명령 령저물 모고칠 개] 아침에 명령을 내렸다가 저녁에 고친다.
독서망양,"군자의 눌언민행, 개권유익 vs 범재의 도비순설, 독서망양",쓸 비 근심에 기대 나온 사람 부처 불 별 진 달 월 입술 순 란. 개권유익 열 문서 더할 책을 열면 이로움이 있다. 문서책 는. 독서망양 읽을 글 잃어버릴 양 글을 읽다 양을 잃어버린다.
백전백승,카카오게임 에키홀릭의 백전백승 CBT 후기,백전백승 중국 내 게임 시장 상위권에서 꾸준히 사랑받았던 게임 구룡전이 백전백승이라는 이름으로 국내 출시를 기다리고 있으며 드디어 CBT를 시작하게 되었습니다.
마부작침,"마부작침, 우공이산을 생각하며 의자 만들기.","일단 우공이산,마부작침을 생각해야 한다. 디자인이나 가공이나 손이 많이 가야하는 데, 일단은 엔진 톱과 강력 그라인더가 없다. 아내의 말?. 솔직히 별 감정은 없는데? 다시 아내 의자 만들기에 들어 갑니다."
군계일학,"군계일학, 낭중지추, 난세영웅 종목 찾기, 그 어려운 걸 해내야 하는 상황","군계일학, 낭중지추, 난세영웅이 될 만한 종목이 어떤 종목인지, 그런 종목이 과연 있기는 한지 계속 고민하고 또 고민하고 있습니다."
독서망양,독서망양,이런 관점에서 독서망양이 한눈을 팔다가 자기 본분을 잊는다는 뜻으로 사용되기도 한다.
마부작침,마부작침과 우공이산,이것도 위의 마부작침과 같은 교훈이다. 난 이것도 이해가 안 된다. 집을 옮기는 것이 죽을 고생해 산을 옮기는 것보단 나을 것 같다. 이것과도 비교할 수 있다. 요즘 쓰레기 문제가 아주아주 심각하다. 그 할아버지 라면 쓰레기를 어떻게 치울까? 일일이 주울 것이다.
조령모개,사자성어 조령모개,.
