,idiom,title,contents



5,함흥차사,응급실에 들어가면 함흥차사?,"왜 응급실만 들어가면 함흥차사인지, 빨리 진행이 잘 될 줄 알고 응급실을 갔는데 이건 오히려 왜 더 걸리는지 답답하셨던 분들을 위해 응급실의 입원까지의 과정에 대해 간략히 적어보았다. 하지만 이는 일반적인 상황이며 정말 초응급한 상황에서는 모든 것이 정신없이 지나간다. 예를들면..."

9,함흥차사,220704 함흥차사,"""심부름 시킨다고 보냈더니 함흥차사야. 또 오락실로 샜나?"" 이런 느낌이죠. 함흥 가기 전 둘째아들이 얌전?하고 착하기만 한 것이 걱정되.. ""방원 놈이 제 형을 쫓을지도(쫓아낼 지도) 모르니 이건 내가 가지고 가자."" 왕의 상징인 임금 도장 옥새를 주지 않고 이곳까지 가져온 것이다. ""그 놈은 필시..."
10,함흥차사,"함흥차사 RTX 3090ti, 3월 말 드디어 출시?",(출처:엔비디아) 반도체 수급난과 암호화폐 채굴로 그래픽카드(GPU) 대란 후유증이 지속지고 있다. 공급이 부족한 마당에 채굴업자들의 사재기가 기승이다. 애가 타는 건 소비자다. 지포스 RTX 3000번대를 건너뛰겠다는 목소리까지 나오고 있다. 이 가운데 엔비디아 플래그십 RTX...
12,함흥차사,"한국어에 ""삼천포""와 ""함흥차사""가 있듯이, 영어에도 ""Timbuktu""와 ""Alamo"" 가 있다.","한국어에 지명을 이용한 표현이 있는데요, 예를 들면 어떤 일이나 대화가 엉뚱한 방향으로 진행될때 쓰는 ""잘 가다가 삼천포로 빠진다.""는 말이나, 소식이 감감한 경우에 쓰는 ""함흥차사""라는 말이 있지요. 그런데 영어에도 지명을 이용한 표현이 많아요. 오늘은 그중에 아프리카..."
23,함흥차사,함흥차사가 된 사신들,"함흥차사가 된 사신들 올해, 이 정부가 이룬 업적을 살펴보면, 검찰개혁의 기치(旗幟)아래 1월 2일에 법무부 장관에 임명된 ‘추00’씨를 제일전선의... 내 생각으로는 요즘에도 많이 쓰이는 말로서 ‘사라진 후 오래도록 연락(連絡)이 없는 사람’을 일컫는 말로 ‘함흥차사(咸興差使)’가 되겠다는..."
25,함흥차사,"178) 이제나저제나, 함흥차사와 함안차사","01) 이제나저제나, 함흥차사와 함안차사 (심부름 보냈더니... 함흥차사야!) 심부름을 간 사람이 소식이 아주 없거나 회답이 좀처럼 오지 않은 상황을 비유하여 함흥차사(咸興差使)라고 한다. 태조 이성계가 두 차례에 걸친 왕자의 난에 상심하여 왕위를 정종에게 물려주고 서울을 떠나 지금의 함흥..."
34,함흥차사,함흥차사가 된,자세로 하고 힘 빼는 것도 연습하니까 확실히 팔꿈치나 그런 관절에 무리가 덜 가더군요. 역시 운동은 전문가의 코치를 받고 바른 자세로 해야.. 대충 이 정도로 마무리하고 일상 카테고리와 여행 카테고리로 다시 찾아오겠어요.(이러다 4주차도 놓칠까봐 불안한 함흥차사 브로콜리) 바로 잘게요 안녕
35,함흥차사,엔켐 상장일 매도전략(feat. 화장실 함흥차사 탈출),하지만 너무나 자주 그리고 오랫동안 함흥차사가 되어 자리에 나타나지 않으면 월루라는 꼬리표가 따라붙기 마련입니다.(개이득?) 함흥차사는 함흥차사대로 상사와 직장동료의 눈치가 보여서 매도 버튼을 잘못누르기도 하죠. 엔켐 상장일을 대비하여 이러한 불상사를 방지 하고자 자동매매...
36,함흥차사,肉包子打狗 - 함흥차사,"肉包子打狗[ròubāozidǎgǒu] 함흥차사, 되찾을 수 없다, 고기만두를 개에게 던져주듯 한번 가면 다시 돌아오지 않는다 你竟然借钱给那种家伙，真是肉包子打狗。 너 결국 저따위 자식에게 돈을 꿔주었으니 그냥 날린 거나 진배없다. 的确，谁都不愿做肉包子打狗有去无回的傻事。 물론 그..."
37,함흥차사,[일을탐하다] 함흥차사였던 카카오 블루 T,"함흥차사, 카카오 T 블루 글( https://blog.naver.com/hfeel/222429367471 )을 쓴 다음날 아침 고객센터로 직접 문의했다. 챗봇 상담사 신디가 나를 응대해 줬다. 상담은 5분도 걸리지 않았고, 배차 취소 수수료는 환불받았다. 이 일을 5일 동안 묵혀둔 까닭은 답변으로 들을 수 없었다. 시스템 오류였을까..."
38,함흥차사,[일본어] 관용구 ㅣ 함흥차사,"우리 사자성어 중 함흥차사와 동일한 표현 <오늘의 대화> A : 당신, 애들 데리러 간 거 아니야? 늦었잖아. B : 미안. 애들이 조금만 더 놀고 싶다고 해서 기다리는 동안 (노는 모습을)보고 있는 게 즐거워서. A : 함흥차사였네. 모처럼 맛있는 요리 만들어서 기다렸는데 식어서 맛이 없잖아. <단어> 遅い..."
41,함흥차사,함흥차사(咸興差使),이 사람이 가더니 함흥차사네... 라는 말을 종종 쓰지요.^^ 아이들하고 있을 때도 아이한테 뭘 시켰는데도 빠릿빠릿 하지 않고 한참 뒤에 나타나면 어째 보내놨더니 너는 함흥차사냐... 처럼 써주면 좋을 것 같아요. 제 수업에서 종종 하는 말입니다만 어려운 고사성어를 나중에 한꺼번에 일주일에...
42,함흥차사,함흥차사 -CJ택배를 두고 하는말,"근데 그 k-택배에 문제가 생겼다 함흥차사란 말이 있다 '조선 초 태조 이성계를 모시러 함흥에 갔다 돌아오지 않은 사신을 가리키는 말로, 심부름을 간 사람이 소식이 아주 없거나 또는 회답이 좀처럼 오지 않음을 비유하는 말이다' 지금 내가 시킨 택배가 그래... 어이가 없네..? 러닝할때나..."
45,함흥차사,국민체육센터 재개장 언제? 함흥차사에 구민은 답답,동구 용운동에 거주하는 이모씨(28)는 “코로나 이전에 한주에 몇 번은 국민체육센터에 가서 수영과 헬스를 즐겼다”면서 “접종센터로 활용되고 난지 4개월이 지났는데도 아직 함흥차사다”고 토로했다. - 기사 더보기는 아래 클릭
49,함흥차사,닉네임 함흥차사로 바꿔야할듯 (+시세이도 패밀리세일),함흥차사입니다. 뭐? 일주일에 두 번을 와? 블로그 출석도장은 커녕 개강한지 나흘 된 수업 중 이틀을 빼먹었습니다 학생이란 새끼가 뭐하는 걸까요? 저도 기가 찹니다 (수두룩) 그와중에 저도 시세이도 팸셀에 참전했으므로.. 생존신고 겸 왔다는 사실 ^-^ 전 돌가 케이스 꽤 맘에 들거든요. 특히 저...
50,함흥차사,함흥차사 물티슈. 감감무소식 물티슈,이럴 때 어울리는 말 함흥차사. 감감무소식. 지마켓 들어가서 문의글을 보니 주문취소요청글에 언제 배송되냐 아우성. 나만 안받은게 아니구나 ㅎㅎ 3월 2일부터 순차배송이란다. 어제 오후 1시에 배송시작ㅠㅠ 도대체 언제 받을수 있단 말인가. 이런 거 보면 사건사고에 노동착취 등 이슈가...
51,함흥차사,올리브영 함흥차사,내 로션 언제 오나요 2주가 넘도록 안오네 (대한통운) 피부가 너무 땡긴닼ㅋㅋㅋㅋㅋ 신정동 #아덴블랑제리 경주 아덴은 가봤는데 그 체인 맞죠..? 밀려올 배고픔 대비 #크로아상샌드위치 #크로피 크로플+커피 테이크아웃 2500원...! 요거요거 괜찮네 미니크로플도 진짜 바삭하고 맛있었다 찬물로...
55,함흥차사,2021.09.23 EMS가 함흥차사(咸興差使),EMS는 일본에서 (国際スピード郵便) 국제 스피드 우편으로 취급하며 제일 빠른 속도를 특징으로 인식하고있는데 회사에 육아휴직으로 제출해야 서류의 원본이 아직 도착을 안했다. 14일에 와이프가 붙였는데 말이다. 더구나 우편추적 이력을 보면 더 가관이다. 이해 할수없는 내용~ 14일 하루만에...
59,함흥차사,함흥차사,함흥차사 오늘은 하루종일 화단정리를 했어요. 늘어진나무 가지치기도 하고 그리고 겨우내 덮고 있는 나뭇잎이불도 거더내고... 햇님은 벌써 잠자러 갈 준비를 하고 요즘인부를 사서 목장 보수 공사를 하고 있어요 그래서 인부들 품삸을 입금시켜 주러간 우리집 이봐요님 함흥차사네요 은행에 가서...
60,함흥차사,함흥차사의 뜻 - 깜깜무소식 <함흥차사와 이성계>,함흥차사의 유래와 뜻 함흥차사라는 말을 많이 들어보셨을 텐데요 함흥차사보다는 함흥냉면을 더 많이 들어보신 분들도 계실 것 같습니다. 함흥차사라는 말이 왜 생겨난 것일까요? 함흥차사를 설명하기 전에 먼저 일어났던 일들을 하나씩 살펴보면 고려 말 이성계와 정도전은 서로 힘을 합해 새로운...
64,함흥차사,○ 咸興差使(함흥차사),○ 咸興差使(함흥차사) 함흥咸興으로 파견된 차사差使. 심부름을 가서 아무 소식이 없이 돌아오지 않거나 늦게 오는 사람을 비유적으로 이르는 말. 芳碩變後 太祖棄位 奔于咸興 太宗屢遣中使問安 太祖輒彎弓而待之 前後相望之使 未敢道達其情 時問安使 無一得還者 太宗問群臣 誰可遣 莫有應之者...
65,함흥차사,함흥차사,"나가면 함흥차사인 아느님, 누구를 닮았나 했더니 날 꼭 닮았습니다.ㅎ 다 내가 뿌린 씨앗을 거두는 거지요. 자꾸 잊어버리고 살다가 그것을 알아차릴 때마다 부모님께 전화를 드립니다. “(어머니) 요새도 운전하나?” “(나) 네. 해야지요. 한결이 공부시키려면 다른 수가 없네요.” “(어머니) 먹고..."
67,함흥차사,"캄보디아 선교, 함흥차사 초청장",서류는 벌써 준비가 되었는데 아직 초청장이 함흥차사(咸興差使) 초청장이 아직 도착하지 않고 있다. 원래대로라면 벌써 두 번은 도착할 시간인데 말이다. 아무리 중간에 프춤번(캄보디아 추석) 연휴가 있었다손 치더라도 어제(10월 17일) 쯤은 씨엠립에 와야 이야기가 되는데 말이다. 한국에서 10월...
70,마부작침,초심불망 마부작침,'초심불망 마부작침' 초심불망 마부작침 뜻은 초심을 잃지 않고 도끼로 바늘을 만든다 매일 조금씩 한다는 것이 쉽지 않지만 이게 사실 가장 어렵고 어떻게 보면 전부인 것 같아요. 무언가 정형화되어 있지 않은 것을 꾸준히 성실하게 갈고닦아 날카롭게 핵심을 찌르는 것이 쉽지 않지만 작은...
75,마부작침,후천적 금수저 - 마부작침(磨斧作針),이때 매일 생각하던 사자성어가 있었는데요 마부작침(磨斧作針)입니다. 도끼를 갈아서 바늘을 만든다는 뜻입니다. 도끼를 갈아서 바늘을 만들려면 얼마나 노력을 해야 할까요? 시간이 걸려서 그렇지 결국은 바늘을 만들 수 있겠지요 그렇게 마음을 바꿨습니다. 신항만에 부두에 필요한 자격증이란...
76,마부작침,초심불망 마부작침,"블챌 첫 달 마 지 막 주간일기~ 현진이에게서 퍼 온 ""초심불망 마부작침"" 초심을 잊지 말고 쇠도끼를 갈아 바늘을 만든다. 힘들 때 포기하지 않고 부단히 노력하면 끝내 좋은 결과를 얻을 수 있다는 평범한 진리. 로 시작- GABOZAGO 0627 월 이번주는 그래두..재혁이가 있어서 행복했더 원래 만나서..."
77,마부작침,초심불망 마부작침(初心不忘 磨斧作針) 이 말만 새겨도 인생이 달라져요,재치가 빛나기고 하지만 이 자리에서 나온 말이 고사성어 ‘초심불망 마부작침(初心不忘 磨斧作針)이었습니다. 혹시 이 뜻을 하세요. 요즘세대는... 그래서 오늘은 고사성어 ‘초심불망 마부작침(初心不忘 磨斧作針)에 관해서 알아보려 합니다. 단체장이 던진 한마디 초심불망 마부작침(初心不忘...
78,마부작침,마부작침 - 대통령이 되겠다는 윤석열 최재형에게 묻다,"마부작침 - 도끼를 갈아 바늘을 만드는 것이 불가능한 것은 아니다. 수년, 수십년을 갈고 닦으면 도끼를 바늘로 만들 수 있다. 그러나 도끼를 바늘로 만든 행위가 의미있으려면 도끼보다 바늘이 더 쓰임새가 많거나 가치로운 일을 하는데 쓰일 때만이다. 마부작침, 이라는 사자성어가 있다. 사자성어를..."
79,마부작침,"20대 대선 후, 정치권에 마부작침(磨斧作針)을 주문한다 : 정치권의 협치와 합치가...","제20대 대통령이 누가 되든 불문하고 정치권에서 머리를 모으고 한반도 내에서의 지정학적 리스크를 해소함과 더불어 국제사회 속에서 좀 더 높은 위치에 다가갈 수 있도록 마부작침(磨斧作針) 즉, 도끼를 갈아 바늘을 만든다란 마음으로 정치권의 협치와 합치가 이루어질 수 있도록 최선의..."
81,마부작침,마부작침,"♤마부작침♤磨斧作針 아무리 어려운 일이라도, 참고 계속하면 반드시 성공한다. ''중도에 그만두지 않는다'' - 결과를 만들어 내는 노력 - 어느 날 화가의 친한 친구가 그를 찾아왔습니다. 친구는 다짜고짜 수탉 그림을 그려달라는 부탁을 하는 것이었습니다. 수탉을 그려본 적이 없는 화가는..."
82,마부작침,"BTS 뷔,미국 품절대란 일으킨 화장품 립밤의 마부작침",참 인생사 ...^^ 마부작침 이번에 들린 아이소이 립밤이 뷔로 인해 품절대란 된 기사보면서 '마부작침' 사자성어가 떠올랐어요. 의미는 도끼를 갈아 바늘을 만든다는 말이에요. 도끼가 바늘이 되도록 얼마나 열심히 일했을까요? 그리고 얼마나 어려웠을까요? 아이소이 화장품은 처음에 사용자...
83,마부작침,마부작침(磨斧作針),"내가 좋아하는 사자성어 중에 마부작침(磨斧作針)이라는 말이 있다. 갈 마(磨), 도끼 부(斧), 지을 작(作), 바늘 침(針). 도끼를 갈아 바늘을 만든다는... 그러니까 마부작침은 아무리 힘들고 불가능하게 보이는 일일지라도 끈기 있게 하면 못 할 일도 없다는 비유로 많이 쓰이는 말이다. 임인년 새해가..."
84,마부작침,마부작침-도끼를 갈아 침을 만든다,"오늘은 한 고사성어를 보고 생각하게 되는 점이 많아서 '마부작침'이라는 고사성어에 대해서 말씀드리고자 합니다. 갈 마(摩) 도끼 부(斧) 지을 작... 이후 마음이 해이해질 때마다 그 할머니가 말한 말을 다시금 새겨, 학문에 대한 열의를 다졌다는 내용의 사자 성어가 바로 마부작침입니다. 하나를..."
85,마부작침,마부작침 노력 하라,마부작침에서 마는 간다는 의미이고 부는 도끼부이며 작은 만든다는 뜻이고 침은 바늘을 의미합니다. 즉 도끼를 갈아 바늘을 만든다는 의미로... 마부작침은 어떤 일을 하는데 적합한 도구를 선택한다는 의미도 있습니다. 경우에 따라 도끼가 적합할 때도 있으나 헤진 옷을 고치는 데는 바늘이 더...
86,마부작침,마부작침,마부작침 ※마부작침(磨斧作針)=뭉툭한 도끼도 계속 갈면 마침내 바늘이 된다. 쉼 없는 단련이 강자를 만든다. 고난이 없으면 성공도 없다. 꿈을 이루려면 땀을 흘려야 한다. 반복은 기적을 일구는 힘이다. 무슨 일이든지 오래 되풀이하다보면 그 일이 몸에 붙어 익숙해진다. 그러면 누구와 겨뤄도...
88,마부작침,도끼를 갈아 바늘을 만든다. <마부작침>그 뜻과 인생의 지침..,마부작침 : 도끼를 갈아 바늘을 만든다. 도끼를 갈아 바늘이 되려면 모르긴 몰라도 인생을 통째로 걸어야 할만한 노력이 뒤따라 주어야 하지 않을까. 어마어마한 말이다. 이 문자 하나에 엄청난 무게감이 느껴진다. 고됨과 고난의 시간들이 눈앞에 있는듯한 말 마부작침. 마부작침 뜻 : 아무리 어려운...
89,마부작침,안산 금메달 양궁3관왕 기적의한발 마부작침 DreamHelper박대호,磨斧作針 마부작침 도끼를 갈아 바늘을 만든다! 도끼를 바늘로 만든다는 것은 어떻게보면 어리석게 보일수도 있지만 자신을 수련하고 끈질기게... 마부작침 지금 당신의 도끼는 어떤 바늘이 되어가고 있습니까? #양궁금메달 #안산 #양궁3관왕 #한국금메달효자종목 #도쿄올림픽 #도쿄양궁...
90,마부작침,도끼를 갈아 바늘을 만들다.(마부작침),목적이 있는 한발 한발 나아감이 마부작침 도끼를 갈아 바늘을 만들다. 아무리 어려운 일이라도 열심히 노력한다면 이룰 수 있다는 뜻 나에겐 그 어떤 비법보다 필요한건 행동이다. 성공한 사람과 실패한 사람의 사이에는 행동으로 옮길 수 있는 능력이 있느냐 없느냐의 차이 밖에는 없다. -알렉산더...
91,마부작침,초심불망 마부작침(初心不忘 磨斧作針) 나는 지금 어디에 있나,초심불망 마부작침(初心不忘 磨斧作針) 나는 지금 어디에 있나. 주말이지만 해야 할 것들 해야 되는 막쓴 오늘도 인사드립니다 :) 안녕하세요... 초심불망 마부작침(初心不忘 磨斧作針) 처음 먹은 마음을 잊지 않고 도끼를 갈게 되면 결국엔 바늘을 만들어 낸다는 뜻입니다. 유래는 당나라의 뛰어난...
92,마부작침,초심불망 마부작침 _초심을 잃지 말자! - 정문기 교육인,"초심에 대한 저의 생각과 일상 이야기 '초심불망 마부작침'의 의미와 유래에 대해 포스팅해 보려고 해요. 어제 새벽 늦게까지 18회차 비대면 교안을... 정강사 ""초심을 잃지 말자!"" 초심불망 마부작침 '초심을 잃지 않고 도끼를 강아 바늘을 만든다!' 는 뜻입니다. 이 뜻에 일화가 있습니다. 당나라..."
93,마부작침,매일 하는 일 - 【마부작침】 같은 마음으로,"매일 하는 나의 꾸준한 일에 대해 이야기해 주세요~ 마부작침(磨斧作針) “도끼를 갈아 바늘을 만든다는 뜻으로, 아무리 어려운 일이라도 끈기 있게 노력(努力) 하면 이룰 수 있음을 비유” 내가 좋아하는 한자 숙어 중 "" 마부작침""이라는 말을 좋아한다. 예전에 이런 말들이 나와는 거리가..."
94,마부작침,"다시 쓴 초심불망 마부작침, 먹과 종이의 조화~",남편이 먹색과 글씨의 완성도가 떨어진다고 퇴짜를 놔서 다시 쓴 초심불망 마부작침. 만수무강 먹을 기계로 갈아썼더니 번짐이 이상해서 제가 주로 쓰는 연습먹인 만고심으로 썼더니 더 낫네요. 비싸다고 다 좋은건 아니예요~ㅎ 이상하게 작품먹을 기계로 갈아쓰면 이런일이 생기는데 벼루의 문제인...
95,마부작침,"끈기로 한자사전 씹어먹기 도전, 마부작침 磨斧作針,오늘의 한 단어, 고사성어 필사 1",마부작침 끈기로 한자사전 씹어 먹기 프로젝트 끈기와 한자가 맞짱 뜨면 누가 이길까 궁금해졌습니다. 磨斧作針(마부작침)의 심정으로 한바탕 신나게 한자와 놀아보겠습니다. 먼저 끈기로 한자사전 씹어먹기에 도전을 선언합니다. 오늘의 한 단어 끈기 磨斧作針 마부작침 磨 갈 마 斧 도끼 부 作...
96,마부작침,<고사성어> 196. 磨斧作針(마부작침)_끝내 이루리라....,"磨斧作針(마부작침) 世傳(세전), 李太白讀書山中(이태백독서산중), 未成棄去(미성기거), 過是溪(과시계), 逢老媼方磨鐵杵(봉노온방마철저), 問之... <磨鐵杵(마철저)> 또는 <磨斧作針(마부작침)>이 유래되는 문장이다. 직역하면 '철로된 공이(또는 도끼)를 갈아 바늘을 만든다' 인데 이는 '아무리 어려운..."
97,마부작침,마부작침,"바늘을 만들 수 있다는 처음 마음, 초심만 잃지 않는다면, 반드시 바늘을 얻을 수 있다. 그만큼 초심이 필요하다. 이를 한자성어로 “초심불망 마부작침” (初心不忘 磨斧作針)이라 한다. 우리가 살아가는 동안, 잊지 말고 평생 실천해야 할 덕목(德目)이다. 하기 싫어도 해 봐야지 그게 삶이니까 !!!"
98,마부작침,磨斧作針 마부작침｜6월 3주차,"[22.06.20~22.06.26] 磨斧作針 마부작침: 도끼를 갈아 바늘을 만든다. : 아무리 어려운 일이라도열심히 노력하면 이룰 수 있다. 최애 웹툰 중 하나인 ""Frenemy""에서 나왔던 인물들의 대화가 인상깊었다. * 사람은 누구나 예상치 못한 위기를맞닥뜨렸을 때 감정은 불안해지고머리는혼란스러워져..."
99,마부작침,마부작침 - 배움(공부)에 인색한 뇌를 변화시키자!,"안녕하세요~ 일상의 작은 성장을 함께 나누고픈 요우메이 입니다. 책을 읽고, 배우고, 공부하는 것 이것은 개인을 성장시켜 주고 세상을 깊이 볼 수 있게 해주고 아는 만큼 보이게 하는 힘을 줍니다. 모두가 이 사실을 알긴 알지만 왜 즐기고 노는 것은 쉬운데 공부하는 것은 왜 그리 버겁고 부단한..."
100,마부작침,마부작침 (磨斧作針),마부작침은 도끼를 갈아 바늘을 만든다 라는 뜻으로 아무리 어려운일도 끈기있게 노력하면 이룰 수 있음을 비유하는 말 입니다. 자기개발 관련... #마부작침 #노력 #끈기 투자를 하다보면 오늘처럼 큰 폭 하락하거나 오랜시간 수익이 나지 않을때마다 포기할까 라는 생각을 많이 합니다. 특히...
101,마부작침,우공이산 마부작침,아무거나 가져다 붙이면 되나? 5톤의 흙 시작은 미약 했으나 그 끝은 창대하리라 이 많은 흙을 어디로 옮길까요? 여차여차 해서 선주지동에 흙부자가 됐다. 흙 ! 흑~ '봄 비가 유난히 많이 오던 해 였지~' 하고 기억 되라고 비가 정말 자주 올 때 하우스 바닥이 물이 찰랑 대는 줄 알면서 지붕을...
102,마부작침,도끼를 갈아서 바늘을 만든다 : 마부작침磨斧作針,"도끼를 갈아서 바늘을 만든다 : 마부작침磨斧作針 마부작침! 이는 도끼를 갈아서 바늘을 만든다는 뜻이다. 아무리 어려운 일이라도 참고 계속하면 언젠가는 성공한다는 의미를 담고 있다. 시선(詩仙)으로 불리는 당나라 시인 이백(李白, 자는 태백太白) 이 어렸을 때 이야기다. 이백은 아버지의 임지인..."
103,마부작침,마부작침,磨斧作針(마부작침) 磨 갈 마 斧 도끼 부 作 지을 작 針 바늘 침 도끼를 갈아 바늘을 만든다는 뜻 도끼를 갈아 바늘을 만들기 위해서는 엄청난 노력이 필요합니다. 이는 아무리 어려운 일이라도 참고 계속하면 이룰 수 있다는 뜻입니다. 끊임없이 노력하면 목적을 달성할 수 있습니다.
104,마부작침,마부작침과 현타,"© sigmund, 출처 Unsplash 마부작침 이라는 말 좋아한다. 무엇이든 꾸준이 해내지 못하는 성향 탓이리라. 그러나 나 뿐은 아닌듯 하다. 성향과 상관 없이 쉬운 일은 아니라 생각 한다. 무엇가를 시작해서 그 끝을 본다는게 다행이 그끝을 본다고 해도 나의 생각과는 다른 방향으로 가는 경우 어디로가든..."
105,마부작침,초심불망 마부작침”(初心不忘 磨斧作針),"초심불망 마부작침”(初心不忘 磨斧作針) 1월이 추운 겨울이었다면, 2월은 따스한 봄기운이 기대되는 달이다. 2월은, 입춘(立春. 3일/수), 설날(12일... 이를 한자성어로 “초심불망 마부작침” (初心不忘 磨斧作針)이라 한다. 우리가 살아가는 동안, 잊지 말고 평생 실천해야 할 덕목(德目)이다...."
106,마부작침,고전산책★마부작침(磨斧作針),"*마부작침(磨斧作針) 마부작침(磨斧作針)은 도끼를 갈아서 바늘을 만든다는 뜻으로 아무리 어려운 일이라도 참고 노력하면 언젠가는 반드시 성공한다는 것을 비유하는 말입니다. 끈기있게 학문이나 일에 정진하는 것을 비유할 때도 쓰입니다. 철저성침(鐵杵成針, 쇠공이로 바늘을 이룸), 마저작침..."
107,마부작침,"마부작침, 우공이산을 생각하며 의자 만들기.","일단 우공이산,마부작침을 생각해야 한다. 디자인이나 가공이나 손이 많이 가야하는 데, 일단은 엔진 톱과 강력 그라인더가 없다. 아내의 말?... 솔직히 별 감정은 없는데~~(?) 다시 아내 의자 만들기에 들어 갑니다. 천천히~~ 우공이산, 마부작침, 태산이 높다 하되 하늘 아래 뫼이로다~ 읊조리며."
108,마부작침,"마부작침, 노력의 끝판왕!","실제로 깊은 학습을 해야하는 대학생 이상도, 직장인도 마찬가지다, 데일리 양식지 원리를 적용해서 꾸준한 학습습관을 형성할 필요가 있다. #돈오점수 #마부작침 #비바앤포포 #청소년리더십 #청소년자기주도학습 #한책의사람 #캠퍼스선교사 #서울성일중학교"


111,마부작침,마부작침,"磨斧作針_마부작침 [도끼를 갈아 바늘을 만든다] 는 뜻으로, 아무리 어려운 일이라도 끈기 있게 노력하면 이룰 수 있음을 비유 하는 말. 날선 도끼를 그려보았습니다 #월광계측자 #민물낚시 #붕어낚시 #붕어계측자 #계측자 #월광 #월광서귀덕 #5짜붕어 #마부작침 #전기인두작품"

113,마부작침,磨斧作針(마부작침),磨斧作針(마부작침) < 도끼를 갈아 바늘을 만든다 > 도끼를 작은 바늘이 될때까지 간다는 것은 어려운 일이라도 끈기 있게 노력하면 목표를 이룰 수 있다는 뜻. 저 역시 타운하우스 부지를 매입함에 있어 정말 안될 것 같았던 일들도 포기를 하지 않고 죽을 각오로 노력을 한 결과 소유권이전을 완료한...


116,마부작침,마부작침(磨斧作針),"마부작침(磨斧作針) 도끼를 갈아서 바늘을 만든다는 뜻으로 아무리 어려운 일이라도 참고 계속하면 언젠가는 반드시 이룰 수 있다. 시선(詩仙)으로... 도끼를 갈아 바늘을 만든다는 뜻의 ‘마부작침(磨斧作針)’, 쇠로 된 공이를 갈아 바늘을 만든다는 뜻의 ‘철저마침(鐵杵磨針)’이라고도 한다...."

118,마부작침,마부작침과 우공이산,이것도 위의 마부작침과 같은 교훈이다. 난 이것도 이해가 안 된다. 집을 옮기는 것이 죽을 고생해 산을 옮기는 것보단 나을 것 같다. 이것과도 비교할 수 있다. 요즘 쓰레기 문제가 아주아주 심각하다. 그 할아버지 라면 쓰레기를 어떻게 치울까? 일일이 주울 것이다. 그런 것보다 기계 같을 것을 쓰는...
119,마부작침,마부작침(磨斧作針)/꿈꾸는 카사비앙카ㆍ상처를 주는 건 순간이지만 그 상처가 아무는...,"https://youtu.be/-7DKoMQgv-E * 좋아하는사자성어 : 마부작침 (磨斧作針) 도끼를 갈아서 바늘을 만든다는 뜻. 곧, ① 아무리 어려운 일이라도 참고 계속하면 언젠가는 반드시 성공함의 비유. ② 노력을 거듭해서 목적을 달성함의 비유. ③ 끈기 있게 학문이나 일에 힘씀의 비유. 그림은..."


122,마부작침,방세환의 사자성어 마부작침,"방세환과 함께하는 사자성어. 마부작침 磨斧作針 도끼를 갈아 바늘을 만든다, 어려운 일이라도 끈기 있게 勞力하면 이룸."
123,마부작침,○안자지어/안어양양/근주자적/근묵자흑/마부작침,"주위환경이 중요하다는 것을 이르는 말 @근묵자흑 : 近 가까울 근, 墨 먹 묵, 者 사람 자, 黑 검을 흑검은 먹을 가까이 하면 검어진다는 뜻. 근주자적과 같은 말 @마부작침 : 磨 갈 마, 斧 도끼 부, 作 지을 작, 鍼 침 침도끼를 갈아 바늘을 만듦. 아무리 어려운 일이라도 끈기 있게 노력하면 이룰 수 있음."

125,마부작침,마부작침... 그 약속을 지키다.,"마부작침 「도끼를 갈아 바늘을 만든다.」 는 뜻으로, 아무리 어려운 일이라도 끈기 있게 노력(努力)하면 이룰 수 있음을 비유(比喩ㆍ譬喩)하는 말. 네이버 한자사전 김정현 배우님은 내 편지를 읽고 '마부작침'이란 말을 덧붙여 주셨다. 나는 그 말이 마치 답장처럼 느껴졌다. 그래서 그렇게..."
126,마부작침,고사성어 마부작침 한자 예문 유래,"고사성어 마부작침은 도끼를 갈아서 바늘을 만든다는 말로, 아무리 어려운 일이라도 인내 하며 계속 노력하면 반드시 성공할 수 있다는 뜻입니다. 즉 비록 불가능해 보이지만 꾸준히 노력하면 마침내 뜻을 이룰 수 있다는 의미입니다. <마부작침 한자> 마부작침은 당서에 전해오는데, 한자는..."


130,마부작침,磨斧作針(마부작침) <과천문화신문>,<磨斧作針(마부작침)> - 도끼를 갈아 바늘을 만들다. 늦은 시간까지 강의가 이어지는 경우가 있다. 낮에 여유 시간이 많지 않은 성인들과의 강의가... 磨斧作針(마부작침)이란 말이 있다. ‘두꺼운 도끼날을 끊임없이 갈아서 예리한 바늘로 만듦.’이란 말이니 ‘아무리 어려운 일이라도 최선을 다해...
131,마부작침,"신천지 이만희 총회장님 정신 ""마부작침""",신천지 이만희 총회장님 정신 마부작침 어둠에 잠자는 심령을 빛이신 생명의 말씀으로 깨우고 인도하시는 신천지 이만희 총회장님 마부작침 하나님을 향한 정신은 세상 그 누구도 따라올 자가 없지요 신천지 이만희 총회장님께서는 오늘도 이 땅에 하나님 나라 천국 이루기 위해 핍박과 고난...

133,마부작침,마부작침( 磨斧作針),"성공을 위해 마부작침( 磨斧作針) 수적석천(水滴石穿) 우공이산(愚公移山) 1만 시간의 법칙이 있다. 도끼를 갈아 바늘을 만든다. 물방울이 바위를 뚫는다는 말이 있지만, 사람이 아무리 노력해도 안 되는 일도 있다. 연애와 정치는 타이밍이 맞아야 한다고 하지만 병력 문제를 감안 못 해 실패했다...."
134,마부작침,(고사성어묵상) 마부작침,摩 斧 作 針.(마부작침). 도끼를갈아서 바늘을 만든다는 뜻으로 아무리 어려운 일이라도 참고 계속하면 언제인가는 꼭..성공함을 비유한고사임 고... 스피노자같은 사람들이 꼭 필요한사회가 아닌가합니다 뜻이있는곳에 길이있다했으니 우리모두 마부작침합시다 홧팅 2011.8.14.(글쓴이.내고향.포구.眞...
135,마부작침,마부작침,"지난날을 그리워하지 않고 다가오지 않은 미래에 대해서도 그다지 염두에 두지 않는 지극히 현실주의자인데, 오늘 새벽에는 잠에서 깨며 ""마부작침""이라는 단어가 떠올랐습니다. 도끼를 갈아 바늘을 만든다. 10년이면 강산이 변한다는데, 앞으로 10년 동안 뭔가를 꾸준히 한다면 한 가지쯤은 이루지..."

140,독서망양,장자의【독서망양】과 알랭 드 보통의 『불안』,"독서망양 讀書亡羊 『장자』, 〈변무〉 ‘독서망양(讀書亡羊)’이란 사자성어는 『장자』의 변무에 나오는 이야기에 기원을 둡니다. 책을 읽다가 ‘양’을 잃었다는 뜻으로 다른 일에 정신이 팔려 중요한 일을 소홀히 할 때 쓰는 말로 알려져 있습니다. 또한 큰일을 하다 다른 일을 잊는다는..."
141,독서망양,[고전에서 보는 투자] 투자는 결과가 중요. 장자의 독서망양,"(騈拇篇)의 ‘독서망양(讀書亡羊) 글을 읽은 것은 장려되는 일이고, 주사위놀이는 부정적으로 인식되는 일일 것이다. 하지만 손해를 본 것은 마찬가지다. 투자에 비유를 하자면, 도박같이 투자를 하든, 수백권의 책을 읽고 가치투자를 하든간에, 돈을 잃었으면 마찬가지다. (장자의 독서망양을 투자에..."



145,독서망양,[고사성어] 9월 2일-독서망양,"독서망양 讀書亡羊 책을 읽느라 치던 양을 잃어버림 다른 일에 정신을 팔다가 중요한 일을 놓침 또는 원인이야 어떻든 잘못은 잘못이라는 뜻 (독서하다 양을 잃어버린 장, 노름하다 양을 잃어버린 곡의 이야기) - 사소한 일에 빠져 중요한 것을 놓쳐 낭패를 당하는 경우 cf) 다기망양(多岐亡羊) : 여러..."
146,독서망양,독서망양(讀書亡羊),여기서 독서망양이 한눈을 팔다가 자기본분을 잊는다는 뜻이 되는 것이다. 아직도 독서망양은 큰 일을 하다가 다른 일을 잊는다는 뜻으로도 쓰이고 있다. 그러나 이 편에서 장자가 정말 하고 싶은 이야기는 이것이 아니다. 그는 좋은 일을 하다가 양을 잃었건 나쁜 일을 하다가 양을 잃었건 그 결과는...
147,독서망양,[892] 오늘 사자성어 독서망양(讀書亡羊)의 뜻은?,"독서망양(讀書亡羊) 讀(읽을 독), 書(글 서), 亡(잃을 망), 羊(양 양) 책을 읽다가 양을 잃었다는 뜻. 다른 일에 정신을 팔다가 중요한 일을 소흘히 한다는 말. #오늘사자성어 #사자성어 #고사성어 #한자성어 #글그림 #독서망양 #다기망양"

149,독서망양,독서망양 글을 읽다가 양을 잃어버리다,"#독서망양 글을 읽다가 양을 잃어버리다. 다른 일에 정신을 빼앗겨 본래의 일을 소홀히 하는 것을 가리킨다. 출전은 장자 변무편 하인과 하녀 두... 독서망양은 마음이 딴 데 가 있어 근본적인 이치를 생각지 않는다는 뜻으로도 쓰인다. 풀이 - 읽을 독, 글 서, 없앨 망, 양 양"
150,독서망양,"군자(君子)의 눌언민행, 개권유익 vs 범재(凡材)의 도비순설, 독서망양",쓸 비 佛 : 근심에 기대 나온 사람 : 부처 불 辰 : 별 진 + 月 : 달 월 = 입술 순 君子란.. 開卷有益 : 개권유익 열 / 문서 / ~ / 더할 책을 열면 이로움이 있다. 卷(券) : 문서(책) 凡材는.. 讀書亡羊 : 독서망양 읽을 / 글 / 잃어버릴 / 양 글을 읽다 양을 잃어버린다.-> 다른 일에 정신이 팔려 중요한 일을 놓치다.

160,독서망양,독서망양,봄 새벽 덧창을 여니 총총한 별이 손흔든다 속창을 여니 맑은 바람이 노래한다 새 아침이야~~ 굳은 팔 다리를 흔들어 인사 하고 책을 편다 莊子 변무 편의 망양 (亡羊) 후한시대 고봉의 표맥 (漂麥)... 생계의 가장 큰 자산이다 책에 빠져 멈춘 시간 충~~분 하다


164,독서망양,쏘가리낚시 - 독서망양(讀書亡洋),오늘 낚시는 좀 편하게 하고자 채비 선택에 있어 좀처럼 갈피를 잡지못하고 오락가락 정말 마음에 들지 않는 낚시를 하며 반성하고 돌아왔다. 집에 돌아와 오늘 낚시에 대해 곱씹어본다. #금빛 #쏘가리 #쏘가리낚시 #봄쏘가리 #팜스시르퍼 #뉴시르퍼56L #독서망양 #일을그르치다 #난아직초보 #반성중
165,독서망양,독서망양(讀書亡羊),"이런 관점에서 독서망양이 ‘한눈을 팔다가 자기 본분을 잊는다는 뜻’으로 사용되기도 한다. 그러나 결국 장자는 군자니 소인이니 하는 것에 차별을 두지 않았기에, 전자의 뜻이 진정한 의미로 받아들여진다. ** 안성두-도쟁이 & 슬미 홈 **"
166,독서망양,讀書亡羊 독서망양,讀 書 亡 羊(독서망양) 읽을 독 글 서 망할 망 양 양 뜻: 글을 읽다가 양을 잃었다는 말로 마음이 다른곳에 쏠림을 의미한다 예시: 아무리 쉬운 문제라도 집중해서 풀지 않으면 실수로 틀리는 독서망양의 결과를 가져온다.


170,독서망양,[좋은글] 독서망양 : 책에 빠져 양을 잃다. 정민 (일침),"정민, 일침, P113, [장자, 번무편, 독서망양] 독서는 내 안에 차곡차곡 쌓이는 것이 있지마, 노름을 하면 돈과 명예가 흔적 없이 사라져 버린다. 큰... 인생의 목표부터, 오늘의 목표까지..... 끊임 없이 고민한다. 행복하자..!! 가장 위에 있지만, 가장 모호하다. 독서망양... 그 행복의 필수요소다..."

186,독서망양,독서망양 정신을 빼앗기다,독서망양 정신을 빼앗기다 책을 읽다가 양을 잃어버린다는 뜻입니다. 어떤 일에 너무 집중하느라 다른 일에 소홀하게 된다는 뜻입니다. 이건... 사소한 것들은 그냥 흘려버릴 수도 있는 것입니다. 오히려 이것저것 다 집중하지 못하고 산만한 것보다는 차라리 독서망양하는 것이 더 낫겠습니다.


204,군계일학,[기업분석] KT : 군계일학의 모습 (2022.02.14),"약 920억원, ⑦(연결기준/영업이익) KT AMC 보유 리츠자산 매각에 따른 매출 '21년 연간 약 2,500억원, ⑧(연결기준/영업외손익) KT 32% 보유 리츠의 이익 증가로 지분법 이익 증가 YoY +360억원, K뱅크 연간 흑자전환으로 지분법이익 YoY +360억원 KT : 군계일학의 모습 - 최남곤 연구원"

206,군계일학,군계일학의 불편한 심리.,군계일학이라 함은 여러 마리의 닭들 중에 한 마리의 학을 뜻한다. 많은 사람들 중에 뛰어난 인물을 가리킨다. 이 성어는 내게는 좀 폭력적인 이미지다. 왜일까? 군계일학 속에는 '비교'가 숨어있다. 웬지 한마리 학만을 강조하는 듯한 늬앙스가 풍긴다. 닭 무리들을 향한 시선은 보이지 않는다....
207,군계일학,"군계일학, 낭중지추, 난세영웅 종목 찾기, 그 어려운 걸 해내야 하는 상황","군계일학, 낭중지추, 난세영웅이 될 만한 종목이 어떤 종목인지, 그런 종목이 과연 있기는 한지 계속 고민하고 또 고민하고 있습니다. 내가 아무리 좋은 종목이라고 생각해도 시장이 그것을 알아 주지 않으면 아무 소용이 없기 때문에 열린 생각으로 시장이 주목하는 종목, 시장이 주목할 만한..."

211,군계일학,브레이킹배드 뜻 결말 해석 일맥상통하는 군계일학,브레이킹배드 뜻 결말 해석 일맥상통하는 군계일학 안녕하세요. 오랫만에 돌아온 해피항준입니다. 요새 새로운 영화 대본 집필이 끝나고 출연진... 지금부터 미드 브레이킹배드이 왜 군계일학인지에 대해 왜 기네스북에 등재되었는지까지 이야기해보겠습니다. Breaking BAD 뜻 보통의 영화나 드라마의...




216,군계일학,군계일학; 닭떼 속의 두루미 한마리 강남 상가 임대,하지만 해당 매물은 군계일학이라는 사자성어가 정말 잘 어울릴만한 외관 디자인 보여주고 있는데요 강남의 이면 곳곳에는 아직도 구옥 건물들이 상당히 많은데요 신축건물답게 눈에 확 띄는 외관 디자인으로 어느 업종이 들어가시더라도 오가시는 손님분들께 강한 인상을 남겨드릴 수 있을것...

218,군계일학,"보령 신촌지 1박낚시- 수채화 풍광 아래, 잔씨알 속에서 군계일학 그 님을...","잔씨알, 잡어 속에서 황금갑옷 두른 네가 군계일학.. 이따금씩 올라오는 잔씨알 귀요미.. 늦은 오후 다시 잔잔해진 수면에 기대감 상승.. 어슴프레할 때 올라온 잔씨알.. 거울처럼 잔잔해진 수면... 어둠을 벍히는 6개의 캐미불.. 다시 5대로 줄이고... 밤낚시에도 간간히 올라오는 비슷한 잔씨알..."

220,군계일학,진주 맛집 큰길냄비우동 (진주 군계일학 맛집),진주에서 맛 집중에서 군계일학이 아닐까 합니다. 로켓 지역민들에게 유명한 집 영업시간이 특이해서 낮에는 절대 먹을 수 없는 집 술집처럼 저녁에만 먹을 수 있는 큰길냄비우동 입니다. 13년 전이나 오늘이나 맛이 똑같습니다. 늘 변하지 않고 진주에 있는 동안 맛나게 먹었으면 합니다.

222,군계일학,군계일학(群鷄一鶴) - 학립군계(鶴立群鷄),"우리나라 사자성어에는 군계일학이라고 하여 ""닭의 무리 중에 있는 한 마리 학이란 뜻으로, 많은 사람 가운데 가장 뛰어난 사람을 이르는 말""을 의미하는데, 언젠가 중국 학회에 갔는데 학회지 표지에 학립군계(鷄立群鶴)라고 쓰여 있었다. ""학이 닭 부리 속에 서 있듯이, 눈에 띄게..."
223,군계일학,군계일학,"군계일학 Collecting 군계일학(群鷄一鶴) 이라는 고사성어는 비교적 자주 사용되는 성어중의 하나이다. 닭의 무리속에 한 마리의 학이라는 뜻으로, 평범한 사람들 가운데 뛰어난 한 사람이 섞여 있다는 의미이다. 개미 채집시 여왕을 만나면 늘 이 사자성어가 떠 오르곤 한다. 만약 당신이 상대방에게..."


227,군계일학,"군계일학, 알짜배기를 영어로?","오늘은 '최고 중의 최고!' 우리가 잘 알고 있는 사자성어로는 '군계일학' 이라고 하죠! 그 뜻과 같은 영어표현을 한번 공부해볼게요~ * The cream of the crop : 가장 좋은 것, 최상의 것, 단연 최고, 알짜배기. 특정 그룹의 사람 또는 물건 중 최고라는 뜻으로 the..."

229,군계일학,조폭영화의 군계일학 달마야 놀자 정보,조폭영화 중의 군계일학이라고 해도 손색이 없다고 생각합니다. 킬링타임용으로도 좋으니 지루한 주말을 보내고 계신 분들은 꼭 한번 보실 것을 추천드립니다. 시리즈온과 웨이브에서 보실 수 있으니 아래 링크를 참고하세요. 간단 줄거리 달마야 놀자 정보 중 줄거리를 먼저 간단하게...
230,군계일학,[키다리스튜디오] 웹툰계의 군계일학,"키다리스튜디오 - 웹툰계의 군계일학 투자의견: 매수 / 목표주가 25,000원(상향) 4Q21 Preview: 매출액 353억원(+235.0% YoY) 예상 - 4분기 연결매출액 353억원(+235.0% YoY), 영업이익 36억원(+515.9% YoY) 추정 - 합병에 따른 외형성장 + 10%대 영업이익률 유지 예상 규모의 경제 시현..."
231,군계일학,"[한장의사진] 석산(토석채취장)의 건설기계들, 군계일학이라 할 수 있는 굴착기의...","220106 캐논 5D Mark2 + 70-200mm 그 중 군계일학이라고 할 수 있는 굴착기 앞에 서니, 그 웅장한 모습에 한없이 작아진다. 220106 캐논 5D Mark2 + 70-200mm 220106 캐논 5D Mark2 + 16-35mm, F2.8, 16mm 220106 캐논 5D Mark2 + 16-35mm #토석채취장, #굴착기집토, #덤프트럭상차, #건설기계..."
232,군계일학,군계일학 하양만두맛집 여기가 찐,"군계일학이라는 말이 수많은 닭 무리 중에서 학이 한마리가 있다는 말인데요, 그러니 얼마나 눈에 잘 띄고 특별할까 싶어요. 맛집들 중에서도 그런 곳이 있던데요, 특히 하양만두맛집 여기는 그야말로 군계일학이라는 말이 떠오르는 곳이에요. 대구에서 경주에 오다보면 하양을 거쳐서 오는데요..."


235,군계일학,"""수많은 평범한 사람들 중에 눈에 띄게 뛰어난 한사람""을 일껃는 고사성어 ""군계일학...","군계일학 (群 무리 군, 鷄 닭 계, 一 일 일, 鶴 학 학) 군계일학이란, ""닭의 무리들 중에 있는 한마리의 학""이란 뜻입니다. ""학""은 옛날부터 고귀하고 장수를 상징하는 신비로운 동물로 여겨져 왔는데요. 닭들 중에 끼여 있는 고귀한 한마리 학을 말하는 군계일학의 속뜻은 ""수많은 평범한 사람들 가운데..."
236,군계일학,대구 할매국밥집들중 군계일학을 보여주는곳... 본점은 없어졌지만 맛집은 남아있다......,군계일학 성서맛집 성서할매국밥 https://youtu.be/8XtTYHuaXKo 상호명 : 진배기할매국밥 성서점 주소 : 대구 달서구 달구벌대로 1225 영업시간 : 24시간 연락처 : ***-***-**** 대구 달서구 이곡동 성서산업단지역 도보3분정도 거리 성서쇼핑월드 끝자락에 위치한 성서할매국밥 입니다. '군계일학' 이라는...

243,군계일학,병점 동탄 어머니한복 욕심없이 툭 걸쳐도 입는 순간 군계일학(群鷄一鶴) !!!,순간 군계일학^^ 내가 가장 빛나는 날 저절로 어깨가 으쓱해지는 느낌 남들보다 내가 먼저 알게 되죠ㅎㅎ 내 결혼식에 우리 어머니가 그렇게 가장 빛나는 모습이셨으면 싶으신 병점 동탄의 신랑신부님이시라면 지금부터 저랑 어머니한복 욕심 없이 툭 걸쳐도 입는 순간 군계일학!이라는 소문의...
244,군계일학,닭 무리 속에 끼여 있는 한 마리의 학이라는 고사성어 군계일학(群鷄一鶴),닭 무리 속에 끼여 있는 한 마리의 학이라는 고사성어 군계일학(群鷄一鶴) 흰꽃창포 중국 진서(晉書) 혜소전(蕙紹傳)에 위진(魏晉)시대 죽림칠현... 고사성어가 군계일학(群鷄一鶴)이다. 군계일학(群鷄一鶴)이란 닭의 무리 속에 있는 한 마리의 학이라는 뜻으로 많은 평범한 사람 중에서 가장 뛰어난...
245,군계일학,"고사성어 ""군계일학""","고사성어 ""군계일학"" 수많은 사람들 가운데서 뛰어나게 우수한 사람을 말한다. 죽림칠현중 위나라 혜강의 아들 혜소를 처음본 사람이 그의 드높은 혈기와 기개는 마치 닭의 무리 속에 있는 한 마리 학 같더라고 해서 전해진 얘기라고 한다."
246,군계일학,군계일학(群鷄一鶴),"따라서 ‘군계일학’이라함은 ‘닭의 무리 가운데 한마리의 학’을 의미한다. 이는 여러 사람 가운데 뛰어난 한 사람을 지칭한다. 이번 20대 대통령선거에서 후보가 10여명 난립했으나, 정작 당선된 사람만이 군계일학의 칭호를 듣게 되었다. 윤석열 당선자가 학(鶴)이 되었으면, 앞으로 5년 임기동안..."
247,군계일학,"[PCA퍼스트] 보디빌딩 일반부, 체급별 군계일학은?",사진=권성운 기자 [개근질닷컴] 올해 첫 보디빌딩 대회 남자 보디빌딩 일반부 종목 참가자들이 혈투를 펼친 가운데 체급별 군계일학(群鷄一鶴)이 탄생했다. ‘2021 PCA 퍼스트타이머’가 3월 6일 대전 믹스페이스에서 화려한 막을 올렸다. ▲ PCA 퍼스트타이머 남자 보디빌딩 일반부. 사진=권성운...
248,군계일학,군계일학(群鷄一鶴),"끼어서 입궐하는 혜소를 보았는데, 마치 닭의 무리 속에 우뚝 선 한 마리의 학과 같았습니다."" 그러자 왕윤은 이렇게 말했다. ""혜소의 아버지는 혜소보다 훨씬 더 늠름 했었다네."" [풀이] 여럿 중에서 독보적으로 뛰어나다. (群 : 무리 군, 鷄 : 닭 계, 一 : 한 일, 鶴 : 학 학) #고사성어 #사자성어 #군계일학"
249,군계일학,群鷄一鶴(군계일학),이를 정리하면 군계일학이란 닭의 무리 가운데 한 마리의 학이라는 뜻으로 평범한 사람들 가운데 뛰어난 재능을 가진 인물이 있을때 이르는 말이다. 군계일학의 유래 죽림7현의 한 사람인 ‘혜강’은 재능이 뛰어났다. 그는 세상에 나오기를 거부하다가 끝내 미움을 사 죽임을 당한다. 그에게는...


252,군계일학,임영웅 뽕숭아학당 (군계일학의 품위),"군계일학 많은 출연자들 속에서도, 그렇게 많지도 않은 분량속에서도 임영웅은 군계일학처럼 돋보이고 빛났다. 미스터트롯 진으로서,뽕숭아학당의 간판으로서 분량에 대한 욕심으로 오버할수도 있었을거 같은데 항상 평정심을 유지하면서도 생각지도 못한 포인트에서 툭툭 웃음을 던져주는..."
253,군계일학,"사실상 군계일학 이재명의 행정, 할많하않 요즘 이슈","사실상 군계일학인 이재명 경기도지사의 영상이다. 지난 대선에서 주변과 야욕에 흔들리며 큰 실수를 저질렀지만, 다행히 제 궤도로 다시 올라타며... 이재명이 행정가로서 군계일학인 이유다. 공익을 위해서 적절한 기준 하에서 부여된 행정력을 사용할 줄 알고, 말만 아니라 결과로 보여주기..."
254,군계일학,신천지 새언약이행 시험 역시 군계일학,신천지 새언약이행 시험 역시 군계일학 고사성어에 군계일학(群鷄一鶴)이라는 말이 있습니다. 그 의미를 알아보면 닭 무리 속의 한 마리 학이라는 의미인데 수 많은 무리 가운데 단연 빼어난 존재를 가리킬 때 쓰는 표현입니다. 세상에는 참 많은 종교가 있고 종교에 따른 교단과 교파가 있습니다....

256,군계일학,"롱패딩 점퍼 열풍 속 군계일학, 코트","코트를 제외한 다른 아이템의 컬러는 블랙으로 통일하는 것이 무난하다. 고수라면 웜톤 혹은 쿨톤처럼 비슷한 계열끼리의 미묘한 조합을 즐겨보길. 칙칙한 패딩 점퍼들 사이에서 당신이 곧 군계일학일 테다. ⓒ harpersbazaar.com, Pinterest 글 | 디자인프레스 객원 에디터 디렉터 박"





266,군계일학,<고사성어> 31. 군계일학(群鷄一鶴),"再昨日初見(재작일초견), 紹於混雜之群中(소어혼잡지군중), 其資(姿?)倜(기자척), 如群鷄一鶴也(여군계일학야)....晉書(진서) 嵆紹傳(소전) 다시 어제 비로소 (그를) 보니, 혼잡한 무리들 속에 혜소는, 그 자세와 기계가, 마치 군계일학 같더군....진서 혜소전 其資(姿?)倜. 많은 글이 資로..."
267,군계일학,[두루식당] 김치찌개의 군계일학 뚝섬 두루식당,[두루식당] 김치찌개의 군계일학 뚝섬 두루식당 두루식당은 오픈한지 2년정도 된 식당이라고는 찾아볼 수 없을 것 같은 뚝섬역 근처에 위치한 작은 두루식당이다. 뚝섬과 성수역 일대는 공장이 많아서 두루식당은 맛집과는 전혀 상관이 없어 보일지 모르지만 사실 알고보면 전혀상관없다...
268,군계일학,군계일학(群鷄一鶴)의 유칼립투스,이번에 파종한 8종의 유칼립투스들 중에서 군계일학의 미모를 가진 녀석이 있네요 ㅎㅎ 저만의 개인적인 취향도 분명 작용했겠지만 제가 키워본... 제 눈에 들어온 군계일학은 *** 입니다 ㅎㅎ 이녀석은 잘 아시는 유칼립투스 웹 입니다 ㅎㅎ 작년에 파종했던 웹 중에서 젤 맘에 듭니다 줄기가...


278,대기만성,코 피지 녹이기 대기만성 관리법,그야말로 대기만성이라 할 수 있죠 이를 위한 준비물은 멜팅클리어 화장품과 화장솜이고요 2~3일에 한 번씩 클렌징 폼 세안 전에 물세안 후 잠깐씩 사용해 주면 됩니다 스킨팩 만들 듯 화장솜에 멜팅클리어 제형을 듬뿍 적셔 주는 것이 첫 단계입니다 다음으로 코 피지 녹이기 필요한 부위에 밀착시켜...
282,대기만성,대기만성의 밤나무,"대기만성(大器晩成)의 밤나무 소나무와 대나무는 절개와 지조를 상징하듯이 우주의 모든 피조물에는 상징(象徵)이 있습니다. 그 중에 밤나무는 대기만성(大器晩成)을 상징하는 나무입니다. 고려 때 문신 백문보(白文寶, 1303~1374), 의 <담암일집(淡庵逸集)> 권2, 율정설(栗亭說)에 다음과 같은 글이..."
284,대기만성,대기만성의 대표적인 블록체인 Pi Network(파이코인),"많은 실패를 경험했을 때에야 비로소 대기만성도 할 수 있다는 의미입니다. 발명왕 에디슨도 만 번의 실패 끝에 전구를 만들었습니다. 이 전구가 만들어지기까지는 그도 아득할 만큼의 많은 인내가 있었을 것입니다. 오늘 날, 대한민국 역사에 현대라는 이름이 존재할 수 있도록 해주신 정주영..."

298,대기만성,지장간에 있는 용신 천간에 투출되지 못하면 대기만성 사주 통근 되어야 힘있어~,용신이 지장간에 있고 그것이 천간에 투출되지 못하면 제대로 발현되지 못하므로 대기만성 사주가 됩니다. 천간과 지장간의 관계에서 통근과... 이렇게 표현되고 나타나고 실현되는데 시간이 걸리니 이것이 용신이라면 대기만성 사주가 되는 것입니다. 그럼 이렇게 지장간에 있는 용신은 쓸 수 없는...
303,대기만성,대기만성(大器晩成),"#제라늄씨앗파종 #햇살가득님 #수지뷰티 대기만성(大器晩成)이란 큰 그릇은 늦게 이루어진다는 뜻으로, 크게 될 사람은 늦게라도 성공한다는 노자의 도덕경에 나오는 말이다. 이 고사성어가 어디 사람에게만 한정된 말이겠는가? 제라늄 씨앗 파종한 아이들 얼마 전 유일하게 발아에 성공해..."

308,대기만성,윤석민 동기 오재일(삼성)은 대기만성,"홈으로 사용하면서 연간 20개 이상 홈런을 쳤다면, 작은 구장을 홈으로 사용할 경우 25~30방 정도를 기대할 수 있다. 하지만 윤석민은 한창 뛰어야 할 나이에 은퇴할 수밖에 없었던 반면 오재일은 적어도 한국 나이로 40세까지 선수로 뛸 수 있게 됐습니다. 오재일은 대기만성입니다."
318,대기만성,[나공부] 대기만성,"큰 그릇은 늦게 이루어진다는 뜻을 가진 '대기만성' 20대 초반 시절, 하루 빨리 제 자신이 잘 되길 바라는 조급한 마음에 철학원가서 처음으로 사주 상담을 받아본 적이 있었습니다. 상담을 해주시는 분께서 저에게 "" 자네는 대기만성형(자수성가) 사주"" 라고 말씀해주셨습니다. 처음에는 그 말을..."
320,대기만성,믿음의 대기만성(大器晩成),믿음의 대기만성 10그 날에 그가 강림하사 그의 성도들에게서 영광을 받으시고 모든 믿는 자들에게서 놀랍게 여김을 얻으시리니 이는(우리의... 하지만 '대기만성大器晩成'이라는 고사성어처럼 태초에 하나님이 계획하신대로 하나님처럼 자유의지라는 신적 속성을 가진 인간이기에 전 우주적인...
321,대기만성,대기만성(大器晩成),"대부분의 사람들이 알 것이라고 생각되는 대기만성은, 큰 그릇은 늦게 이루어진다. < 큰 사람이 되기 위해서는 많은 노력과 시간이 필요함을 나타내는 말 > 대기만성(大器晩成) 위와 같은 의미를 가진다. 아빠가 평소에 생각하던 사자성어의 의미를 받아들여서 나 또한 크고, 가치 있는 사람이..."

323,대기만성,"대기만성, <40대에 도전해서 성공한 부자들 -유동효>","그러니 #대기만성 사례 모음집이라고 해도 될 것 같아요. 그 외에도 다양한 분들의 길고 짧은 사례가 나오는데, 저는 김석봉 님과 이경자 님... 대기만성, #늦깎이 사례를 한번에 모아서 보고 싶거나 긍정적인 기운을 충전하고 싶은 분들은 가볍게 보시는 것도 좋을 것 같아요. 40대에 도전해서..."
324,대기만성,양각자두영태농장 대기만성 포모사 자두 !,대기만성 포모사 자두도 갖을 사람은 벌써 주인이 됐구나 ! 세상은 약은자! 거짓자가! 승리하는 것이 아니고! 정직 바른자가 승리 한다는 가장 바보같은 진리를 우린 알아야! 사람사는 가장 큰 덕목은 선한 인성과 참사랑 ! 사람사는 가장 못난 짓은 마음이 악한 자이다 그래서 하늘은 스스로...

326,대기만성,[대기만성 시리즈2] 포기하지 마,1년 전 오늘 저는 대기만성(大器晩成) 고사성어를 업로드했었어요. 제가 이번에 다시 대기만성을 떠 올린 이유는요. 며칠 전 그동안 공무원 시험을 열심히 준비했던 친한 언니가 이번 시험에서 서류까지 합격하고 면접에서 아쉽게 떨어졌다는 소식을 듣고 무슨 말로 위로를 해줘야 할지...
327,대기만성,[빈섬 이상국의 뷰] 대기만성형 인간은 대기만성을 할 수 없다,"대기만성형 인간에 대한 오해 - 이빈섬. 대기만성(大器晩成, 대기면성 大器免成으로 되어 있는 곳(백서본)도 있다)은 노자 도덕경 41장에 나오는 말이다. 이 말은 유명해져서 이 땅에서도 일상어처럼 쓰인다. 한자말대로 풀면 '큰 그릇은 늦게 이뤄진다'이다. 지금 비록 실패를 거듭하거나 성과가..."

331,대기만성,"타인과 비교금지, 당신은 늦은게 아니라 대기만성 大器晩成 입니다. 한자일기 필사 22","대기만성, 한자일기 필사 비교比較 어떤 선택選擇을 하든, 무슨 일을 하든, 결과結果는 모두 내 탓이다. 모든 책임責任은 나에게 있다.... 아직 내 타이밍이 오지 않았다, 나는 대기만성大器晩成일 뿐이다,라고 스스로를 위로慰勞하고 격려激勵하라. 比較 비교 比 견줄 비 較 견줄 교 둘 이상..."
335,대기만성,대기만성,대기만성(大器晩成)에 대한 심각한 오해 대기만성(大器晩成)이란 말은 노자의 도덕경 제 41 장에 나오는 말이다. 대부분의 사람들이 해석하기를 ‘큰 그릇은 늦게 이루어진다’로 하여 공부의 이룸이나 사업의 진척이 늦어지는 사람에게 용기를 불어 넣어주는 용도로 쓰곤 하는데 이는 노자의...


338,수어지교,수어지교 뜻과 유래를 알아봅시다.,"물고기가 물을 만났다는 뜻의 수어지교라는 고사 성어인데요, 이 고사 성어의 유래가 재미있어서 알려드리려고 해요~ 이 고사 성어의 유래는... 유비가 제갈량을 만나 힘을 키운 것을 빗대어 물 만난 물고기라는 뜻의 수어지교라고 전해지는 것입니다. 요즘은 상황을 잘 만났을 때는 물 만난..."




343,수어지교,水魚之交(수어지교),수어지교 (水魚之交) 물과 물고기의 관계와 같은 사이 아주 친밀하여 떨어질 수 없는 사이 임금과 신하 또는 부부같이 친밀한 사이를 비유하여 이르는 말 -어린이경제신문 2022.03.23- 경제에서 수어지교의 상황은 어디에서 찾을 수 있을까요? 대기업과 부품을 공급하는 중소기업의 관계를 생각해 볼 수...


350,수어지교,수어지교를 꿈꾸게 한 만남 [전선아],제작하고 발매할 수 있는 환경을 만났다는 좋은 소식까지 안고 찾아와 준 선배님의 내일을 기쁘게 응원하련다. 함께 작업하는 분들과의 아름다운 열매를 기대하면서 말이다. 지금이라는 서로의 시절에 만날 수 있음에 감사하다. 더불어 감히 꿈꾼다. 수어지교를. <그 이름 부를 때> <너는 너여도 괜찮다>


354,수어지교,"수어지교(水魚之交), 수주대토(守株待兎)",水魚之交(수어지교): 아주 친한 사이 守株待兎(수주대토): 융통성 없는 미련하고 어리석음 水 물 수 - ① 魚 물고기 어 - ② 之 어조사 지 - ③ 交 사귈... ex) 어릴 때부터 같은 동네에서 함께 자랐던 제혁이와 준영이는 장성한 지금까지도 수어지교(水魚之交)의 관계를 유지하고 있다. 守 지킬 수 - ② 株...
355,수어지교,친구고사성어유래수어지교 수어지교의 뜻과 유래를 알아보자,"친구고사성어유래수어지교 수어지교의 뜻과 유래를 알아보자 수어지교란, 물과 물고기의 사귐이라고 직역할 수 있겠습니다. 물고기는 물이 매우 필수적이라 할 수 있죠. 이처럼, 매우 친밀하기에 떨어질 수 없는 사이를 뜻하는 것이 수어지교의 뜻입니다. 이 사자정어는 친밀한 부부 사이 또는 임금..."
356,수어지교,"유비와 제갈량의 관계, '수어지교'","수어지교(水魚之交)란 물과 물고기의 사귐을 이르는 말로, 이는 물고기가 물을 떠나서는 살 수 없듯이 떨어질 수 없이 아주 가까운 사이를 말한다.... 즉, 나와 제갈량은 물과 물고기 같은 사이인 '수어지교(水魚之交)'니, 더 이상 이 일에 왈가왈부하지 말아라.""라고 타이르면서 한 말이 '수어지교'이다...."
357,수어지교,"오봉산 자전거길, 그리고 수어지교","내 인생에 이런 사람이 있어 좋다. 밤길 조용하고 어두운 곳에 있으면 외로울 줄 알았는데 느낌이 참 좋네. 로맨틱한 순간이라 남겨놓고 싶었어. 사실 로맨틱보다는 쫌 무서웠음. 2021년 8월4일 오봉산 자전거길, 그리고 수어지교 어쩔거나~ 가로등불빛을 보고 무모하게 달려드는 날벌레들을."

359,수어지교,수어지교 : 물과 고기의 사귐이라는 뜻,"수어지교(水魚之交) 물과 고기의 사귐이란 뜻으로, 매우 친밀하게 사귀어 떨어질 수 없는 사이 를 말함."


366,수어지교,"미니베이 TV 제 37 화 "" 수어지교 """,수어지교 [水魚之交] 水 : 물 수 魚 : 물고기 어 之 : 갈 지 交 : 사귈 교 매우 친밀하게 사귀어 떨어질 수 없는 사이 물고기와 수초는 수어지교와 같이 떨어질래야 떨어질 수 없는 그런 사이가 아닐까 생각합니다. 그래서 청벽님은 오늘도 수어지교를 위해 열심히 모심기를...
367,수어지교,수어지교,아 모르겠고 채영이랑 여러 얘기를 하다가 집에 옴 그리고 오늘 제목인 수어지교의 뜻은 이런 뜻인데 그 이유는 내가 한번 친구를 사귀면 깊게 사귀기 때문에 오늘 만난 친구들이랑 한 모든 얘기가 진짜 찐친들 사이에서만 할 수 있는 그런 얘기들만 했기 때문임 그리고 오늘 새벽엔 신서연 소개서가...
373,수어지교,[단편](수어지교 11월 팸미션)누군가의 과거,머릿속에 스쳐가는 사람들의 모습들... 작년이었다. 지하세계에서 인간계로 올라온 날 아니 그렇다고 믿었던 날... 내 주머니에서 빠진 손수건을 주워주었던 남자 지금은 내 남자친구... 나는 24살이고 여자이다. 이름은 이아람 2년전이었나? 과제를 위한 자료를 찾던 중 정신을 잃었다. 깨어나보니...


379,수어지교,수어지교가 보내온 달력 연하장,<시언재 편지> 11 수어지교가 보내온 달력 연하장 /정희성 제주 농부시인 신철호 인형이 덩치 큰 연하장을 보내왔다. 논어를 주제로 손수 제작한 달력이다. 정갈한 필체로 건강과 문운을 빌어주니 올 한 해 형통과 평강은 따논 당상이다. 1979년 동악에서 국어국문을 동문수학한 동기가 서른...

388,수어지교,수어지교(水魚之交).,"水魚之交(수어지교). 의미. x물고기는 물이 있어야 살 수 있는 것과 같이x ☜ 물과 물고기의 섞임. x부부나 군신관계의 서로 끊을래야 끊을 수 없는x 친밀한 사이를 뜻한다. ☜ 눈감아 주는 사이. x변하지 않는 깊은 교우 관계에도 이 성어를 쓴다.x ☜ 변하지 않는 것이 아니라, 믿음의 사이...."

400,개과천선,"개과천선, 대도 조세형 구속","우리 속담에 세 살 버릇 여든까지 가고, 바늘도둑이 소도둑 된다고 했다. 그리고 개과천선(改過遷善)은 사전에만 있다. 개과천선은 드라마나 영화 소설 속에는 등장하지만 현실에는 없다. 채널을 돌리다가 우연히 보게 된 JTBC ‘사건반장’에 조세형이 나오고 있었다."
401,개과천선,[독서] 서울 자가에 대기업 다니는 김 부장 이야기 1 : 이 시대의 꼰대 개과천선 이야기,"© icidius, 출처 Unsplash <감상평> 이 시대의 꼰대 개과천선 이야기 리키 가독성이 워낙 좋아 서점에서 들자마자 바로 읽어버린 책이다. 너무나도 2021년 부동산 대상승장에 잘 어울리는 책이었다. '김 부장'이라는 캐릭터를 통해서 부동산 이야기를 풀어나가는 작가의 필력에 감동했다. 완전 같을..."

404,개과천선,"제 2의 탄생기, 질풍노도의 시기를 넘어 가치관을 가지게 된 양아치의 개과천선 이야기","양아치 역할도 잘 어울렸고, 개과천선하여 정의로운(?) 강력반 형사의 역할도 잘 어울렸다. 양아치를 교육시켜 변호사도 만들고, 경찰도 만드는 범표(강신일)는 교육감 후보로 내보내야 할 것 같은 영화이다. 기업이나 조직에서 훗날을 위해 투자하여 키우는 장학생. 그 개념을 처음 알게 해준..."

408,개과천선,"""과거의 잘못을 뉘우치고 좋은 사람이 되었다.""는 뜻의 고사성어 개과천선(改過遷善)","바로 개과천선 (改 고칠 개, 過 허물 과, 遷 옮길 천, 善 착할 선) 개과천선이란, ""지난 허물을 고치고 착한 사람이 되다.""라는 뜻이 있습니다. 즉, ""과거의 자신의 잘못된 행동을 고치여 좋은 사람으로 거듭나다.""라는 의미입니다. 평상시에 자주 사용되는 필수 고사성어인 만큼 잘 기억하셨다가..."
409,개과천선,개과천선(改過遷善),따라서 개과천선이라함은 “지난 날의 잘못과 허물을 고치고 바르고 착한 사람이 된다”는 것을 말한다. 인간은 불완전한 존재이다. 누구나 인생을... 개과천선해서 그 유혹을 이겨냈기 때문에 화(禍)를 면하게 되었던 것이다. 위와같은 어사 박문수에 얽힌 이야기가 진짜 사실이냐고 필자에게 물을...

415,개과천선,개과천선(改過遷善)??!!,"젊은 조카한테 과거의 제가 너무 부끄러워서, 이제 개과천선했으니 과거는 잊어달라고 간곡히 부탁을 했습니다. 무슨 얘기냐구요. 예전, 30년쯤 전... ""ㄱㅁ아, 그거 좀 잊어 주면 안되겠나?, 이모부 정말 개과천선했다. 제발 옛날일 좀 잊어다오"" 이렇게 간절히 부탁했습니다. 사실 지금은 운전 중 욕..."


418,개과천선,"개과천선하다, 환골탈태하다, 심기일전하다 영어 표현","의미에서 개과천선(改過遷善) 하다, 환골탈태(換骨奪胎) 하다, 심기일전(心機一轉) 하다"" 라는 말을 영어로는 어떻게 표현하고 있는지 알아보려고 합니다 우선 국어사전에서 그 뜻을 찾아보았더니 아래와 같이 풀이하고 있더군요... . ▶ 개과천선..."

424,개과천선,지나간 허물을 고치고 착하게 된다는 고사성어 개과천선(改過遷善),지나간 허물을 고치고 착하게 된다는 고사성어 개과천선(改過遷善) 꽃부추라는 아르메니아 진(晉)나라 헤제(惠帝) 때 양흠 지방에 주처(周處)라는... “자네가 굳은 의지를 가지고 改過遷善(개과천선) 지난날의 허물을 고치고 새롭게 착한 사람이 된다면 자네의 앞날이 무한한 것일세.” 육가 형제의...
425,개과천선,"210522 - 한 여름의 꿀호떡, 개과천선 배우님","개과천선 배우님 플라이스, KW북스 사진출처 : 리디북스 하루종일 아이스크림, 호떡 먹은 얘기에서 끝낼까 하다 오늘 새로 읽기 시작한 웹소설도... 제목 그대로 개과천선한 배우님 이야기다. 오늘까지 140화가 나온 듯하고, 연재 중이며... 나는 방금 전까지 15화까지 읽었네. 엄청 잘나갔던이 아니라..."

431,개과천선,요.알.못 자취생의 개과천선,간이 맞질 않아 물을 더 붓는다 -> 밍밍해져서 다시 간을 한다 -> 너무 짜다 -> 물을 더 넣는다 -> 반복하다보면 작은 한 사발이 아닌 들통이 된다. 이제는 이런 모습을 멀리한 지 오래되었다. (뿌듯) 불과 작년 초까지만 해도 자취를 한지 나름 오래됐음에도 요리를 잘 할 줄 몰랐다. 내가 산 재료가...
432,개과천선,허성태 배우님의 개과천선,허성태 배우님이 개과천선 한걸까요? 멈춰! 마약마케팅 켐페인에 동참하시는 걸까요? 허성태 배우님! 계속 이런 모습을 보여주세요 그러면 더욱... 더욱 멋진 배우가 되시길 바랍니다. #멈췄습니다마약마케팅 #허성태 #마약퇴치켐페인 #멈춰마약마케팅 #개과천선 #연기력 #배우허성태 #허성태배우
439,개과천선,개과천선,사실 블로그 쓰는거 꽤나 재밌음 진심 저 이제 개과천선 해볼게요 욕도 끊고 뉴 라이프를 사는거야ㅑ! 이 쿠키런 빵 추천함미다 다들 사먹으세요 나애 소망임 Previous image Next image 런던 잘 갔다와··· Previous image Next image 그리고 과소비의 하루 시험기간 과소비 국룰 새벽에 자두...

465,조령모개,"사설필사 / 불신·혼란 키우는 '조령모개' 부동산 정책, 이젠 신물 난다","원문 한국경제 / 불신·혼란 키우는 '조령모개' 부동산 정책, 이젠 신물 난다 https://www.hankyung.com/opinion/article/2021082457671 요약 정부·여당의 ‘조령모개(朝令暮改)’식 부동산 정책이 끝없이 이어지며 국민 불신과 시장 혼란을 키우고 있다. 이젠 ‘갈지(之)자 정책’에 신물이 난다는 볼멘소리가..."
466,조령모개,그럴거 알았지?_조령모개(朝令暮改),"시설면적 8㎡면적마다 1명으로 제한할 경우 9시 이후에도 운영이 가능하다고 하고 사우나는 역시 8㎡당 1명을 수용할 경우 시간제한 없이 운영이 가능하다는데 이게 전용면적인지, 임대면적인지도 알수가 없다. 코로나는 야행성인가보다. 조령모개(朝令暮改): 아침에 내린 명령을 저녁에 바꾼다."
467,조령모개,"정족지세, 제왕절개, 조령모개, 조삼모사, 좌고우면, 좌불안석, 주객전도, 주마가편","조령모개 =조변석개 조령모개는 아침에 명령을 내리고서 저녁에 다시 바꾼다는 뜻으로, 법령이나 명령이 자주 뒤바꾸는 것을 이르는 말입니다 이랬다 저랬다 하는 사람들이죠 같이 일하기 가장 힘든 스타일이에요!!! 유의어는 조변석개가 있습니다 326. 조삼모사 조삼모사는 아침에 세 개, 저녁에..."

473,조령모개,[칼럼 베껴쓰기 540] - [오후여담] 전동킥보드法 조령모개 / 문희수 논설위원...,"무능 국회에 국민만 고생한다. 출처:[오후여담] 전동킥보드法 조령모개 / 문희수 논설위원 / 문화일보 2021.4.22 전동킥보드 뭐가 뭔지 어렵네요, 하여간 안전 및 과태료 부과에 대해 조심합시다. 무능 국회 때문에 국민이 고생한다. 헐!!! 다몬인턴"
474,조령모개,‘작심삼일(作心三日)’에 대하여…‘조령모개(朝令暮改)’!,"독자제현께서는 부디 새로운 다짐을 잘 지켜내기를 기원합니다. ‘작심삼일’과 유사어로는 ‘조령모개’(朝令暮改: 법령을 자꾸 바꿔서 종잡을 수 없음에 비유하는 말. 변덕이 죽 끓듯 한다), ‘조변석개’(朝變夕改: 일을 자주 뜯어고침) 등이 있습니다."
478,조령모개,투자자는 朝 令 暮 改 (조령모개)해야 한다 !,"朝 令 暮 改 조령모개는 ‘아침에 명령을 내리고 저녁에 고친다’ 는 뜻이다. 삼성의 경영자들은 ‘""과를 내기 위해서라면 조령모개도 부끄러운 일이 아니다"" 는 결의를 다졌다고 한다. 필요하다면 체면을 버리고 스스로 했던 말을 번복하는 습관들이 오늘의 삼성을 만든것이다. 디지털 시대는 아침이..."
479,조령모개,사자성어 朝令暮改 조령모개,"3월9일 로이터 : 태국정부 암호화폐에 대한 세금 완화 발표 3월23일 로이터 : 태국, 암호화폐를 이용한 결제 4월부터 금지 이게 뭔 말이냐?? 4자성어 중 朝令暮改(조령모개)를 연상시키는 태국정부 크립토 신봉자들 멘붕 인 듯"

481,조령모개,"조령모개(朝令暮改), 조반석죽(朝飯夕粥)","朝令暮改(조령모개): 법이나 명령을 자주 바꿈 = 조변석개 朝飯夕粥(조반석죽): 구차하고 가난한 생활 朝 아침 조 - ① 令 명령 령 - ② 暮 저녁 모... 비슷한 말 = 조변석개(朝變夕改), 고려공사 삼일(高麗公事三日) 예시문을 보자 ex) 입시제도가 조령모개(朝令暮改)로 바뀐다. 朝 아침 조 - ① 飯 밥..."
482,조령모개,"경희애문화 오늘의 사자성어, 조령모개 [朝令暮改]",경희애문화 오늘의 사자성어 조령모개 [朝令暮改] [朝:아침 조/令:명령 령/暮:저물 모/改:고칠 개] 아침에 명령을 내렸다가 저녁에 고친다. 법령이나 착수한 일을 자주 뒤바꾸다. 조령모개 [朝令暮改] [朝:아침 조/令:명령 령/暮:저물 모/改:고칠 개] 아침에 명령을 내렸다가 저녁에 고친다. 법령이나...
483,조령모개,유형별 공부 잘하는 비법. 8. 조령모개의 의지박약형.,"안녕하세요 시옷연구소입니다 오늘은 유형별 공부 잘하는 비법 8번째, 조령모개의 의지박약형입니다. 남에게 호감받는 타입이며 밝고 경솔하지만 무엇보다 꾸밈이 없다 덤벙댄다고 주의를 받는다 싫증을 빨리 느낀다 어느 노트도 완전하게 사용하지 않는다 수업 집중력이 짧다 실행점 남에게..."
484,조령모개,[일상] 조령모개(朝令暮改),1. 분명 이제 5번 정도 출근하기로 했던거 같은데.... 내가 그걸 심지어 2달부터 이야기했는데.... 아직 공고를 왜 안올렸는가 내심 궁금해하긴 했었다만 여차 저차해서 하루 더 출근해야할 거 같다. 쩝.. 집 간다해도 별 다른 계획이 없긴 하지만 이렇게 되니 좀 당황스럽다. 1년간 일한 정情이란게...

486,조령모개,"아사히신문 사설 2021.12.04. 입국 제한 조치, ""조령모개""로 불신감 악화","（社説）水際対策 不信深めた朝令暮改 2021年12月4日 5時00分 (사설) 입국 제한 조치, ""조령모개""로 불신감 악화 2021년 12월 4일 自国民を保護するという国家の基本的な責務を放棄した。そう批判されてもやむを得ない。 新型コロナの感染防止対策の一環として、..."


491,조령모개,[586] 오늘 사자성어 조령모개(朝令暮改)의 뜻은?,날 조령모개(朝令暮改) 朝-아침 조 令-하여금 령 暮-저물 모 改-고칠 개 아침에 내린 명령을 저녁에 바꾼다는 뜻. 범령의 개정이 빈번하여 믿을 수 없음. 아침에 조세를 부과하고 저녁에 거둬들임. #오늘사자성어 #사자성어 #한자성어 #고사성어 #글그림 #조령모개 #작심삼일 #도쿄올림픽17일차...
492,조령모개,조령모개(朝令暮改)의 발상으로 살아라.,"조령모개(朝令暮改)의 발상으로 살아라. 오늘 이웃 블로그에 ""조령모개 사고를 지녀라""라는 제하의 글이 실렸다. 공감이 가는 글이다. 세븐 아이 홀딩스 대표로 있는 스즈키 회장의 ""조령모개의 발상""이라는 책의 내용을 인용한 글인데 마침 필자도 2년전 출간한 졸저 ""살아있는 퇴직이야기""에..."

494,조령모개,290. 조령모개 (朝令暮改),"조령모개 (朝令暮改) 아침에 내린 명령이 저녁에 바뀌다. 일관성이 없이 갈팡질팡하다. 조조의 논귀 속에 말하기를, '급박한 정치는 포학하고 조세와 부역은 시도 때도 없고, 아침에 명령이 내려오고 저녁에 다른 명령이 내려온다'라고 했다."

496,조령모개,고사성어 조령모개 뜻,"법을 자주 고쳐 일관성이 없는 경우를 고사성어로 '조령모개'라고 합니다. 조령모개는 아침에 내려온 명령이 저녁에 바뀐다는 뜻으로 즉, 법을 자주 고쳐 일관성이 없다는 의미로 사용되고 있습니다. 어느 나라든지 정책에 일관성이 없어 조령모개하는 경우가 많은데요, 이런 경우 국민들에게 혼란만..."
497,조령모개,조령모개,나쁜 정치의 표본이 조령모개이다. 요즘엔 잘 안 쓰이는 말이지만 얼마 전만 해도 망하는 나라의 증상에 가장 많이 등장하는 말이었다. 아침에 명령을 내리고 저녁에 수정한다는 말인데 가장 실력 없고 졸렬한 정치라는 거다. 법과 명령을 내린 뒤에 바로 보완책을 내는게 가장 전형적인 조령모개이...
499,조령모개,조령모개 사고를 지녀라,"이를 '조령모개'라고 한다면, 망설임없이 일관해야 한다. 예전에 한 말과 다른 말을 하면 한 입으로 두말한다고 비난 하는 사람도 있었으나 세상이 이렇게 변화하고 있는 이상, 전에 옳았던 것이 지금은 옳지 않을 수도 있다. 변화의 시대에는 오히려 조령모개가 필요하다. 변화가 극심한 시대일수록..."
500,조령모개,조령모개의 교육 정책이 나올 수밖에 없는 이유!,"핵심은 우리나라 교육 정책이 너무 자주 바뀐다는 것인데, 사실 우리나라 교육 정책은 조령모개가 아닙니다. 겉으로 보기에만 조령모개인 것 같지 IMF 이후, 특히 MB 이후 우리나라 입시 정책은 매우 일관성 있는 방향으로 진행되어 왔습니다. 그런데 왜 표면적으로는 조령모개처럼 보이느냐? 정부..."

503,조령모개,조령모개의 변심,"조령모개 살다보면, 조석으로 마음이 다릅니다. 당연한 현상으로 보입니다. 우주만물이 변하는데, 돌부처의 마음인들 가만있을 수 있을까? 높은... 조령모개로 변심하는 것이 잘하는 것인지 햇갈립니다. 워낙 주변에서 요즘 햇갈리게 만들다보니, 산좋고 물좋은 멍석깔린 곳이 그립습니다. 멍석위에..."
504,조령모개,조령모개,"조령모개라는 뜻으로 알고 있는데 이것의 활용예(문장 같은 것)가 궁금합니다. A 1. chop and change (동사) = chop about (동사): 조령모개하다 First you wanted to eat out, then you decided to cook at home, and now you say you want to order take-out. Do you..."
507,조령모개,조령모개 : 무슨 일을 자주 변경함,朝令暮改(조령모개) : 무슨 일을 자주 변경함


511,조령모개,[칼럼] 감독의 중요한 자질은 '조령모개'!?,"지휘관의 중요한 자질은 '조령모개(朝令暮改)'!? 고쿠보 감독의 나카타 4번 타순 고정을 생각하다. 2014년에 타점왕을 차지하는 등 장타력에 찬스에... 조직의 장에게 있어 '조령모개(朝令暮改)'는 필요한 자질 '조령모개(朝令暮改, 아침에 내린 명령을 저녁에 고친다)는 지도자의 상사(常事)'라는..."

514,조령모개,조령모개와 아메바조직의 유연성,아메바 경영의 아메바 조직의 유연성은 '조령모개(朝令暮改)'로 표현된다. 이 말은 아메바 경영을 실천할 때 경직된 조직이어서는 안되며 현재의... 주의) 조령모개는 가능하나 이는 최적이 상태를 만들기 위한 지속적인 관심과 심사숙고에 의하여 만들어지는 것이지 잦은 변경(부화뇌동)은 조직 내부...
517,조령모개,27. 당신은 어떤 유형의 엄마일까? / 조령모개朝令暮改 형,"그 때, 그 때 달라요~~ 조령모개朝令暮改 형 - 자식에게 가장 중요한 교육환경은 바로 부모이다 인간은 순간순간 작용하는 감정으로 인하여 안팎이 항상 일치하기가 어렵다. 그러나 스스로 자기감정을 의식하고 조절하여 절제와 통제를 얼마나 잘할 수 있는지에 따라 외부로의 표출은 크게 달라진다...."

520,조령모개,조령모개,그는 “필요하다면 체면을 버리고 내가 했던 말을 취소하기도 한다”면서 “결과를 내기 위해서라면 조령모개(朝令暮改:아침에 내린 명령을 저녁에 바꾼다)도 전혀 부끄러운 일이 아니다”라고 덧붙였다. 성과에 대한 강렬한 의지는 책임감에서 비롯된다. 사업 확장과 비례해 늘어나는 직원·고객...
521,조령모개,조령모개(朝令暮改),"이번 일을 지켜보면서 조령모개라는 말이 떠오른다. 아침에 영(令)을 내렸다가 저녁에 바꾼다는 말이다. 이 말이 무슨 말인지는 굳이 설명할 필요가... 조령모개 - 다시 영을 내리면서 부끄럽다는 생각이 안 들까? 보통은, 자기가 한 말을 뒤집으면 부끄럽고 가슴이 쿵쾅거리고 얼굴이 뻘개지고 창피한..."
525,조령모개,(리더십)조령모개리더십vs꼰대리더십/경영환경변화/트렌드변화/동아애드곽대훈이야기,"조령모개 리더십은 선택이 아닌 필수이다. 요즘에 와서 '조령모개 리더십'에 대하여 생각해보게 된다. 가능하면 리더로서 언행일치를 할려고 노력하고, 일관성을 유지할려고 노력한다. 하지만 경영환경의 변화가 느리고, 트렌드 변화가 느리다면 언행일치를 행하고 일관성을 유지하는 것은 쉬울 수..."
526,조령모개,조령모개(朝令暮改),"그래서 우리나라 교육은 조령모개(朝令暮改)라는 말을 듣습니다. 조령모개(朝 : 아침 조, 令 : 법 령, 暮 : 저녁 모, 改 : 고칠 개)의 뜻은 아침에 내린 명령을 저녁에 고친다는 뜻으로 정책에 일관성이 없음을 의미하는 것입니다. 정부가 조령모개를 일삼는 것은 정책에 대한 확신이 부족하기..."
529,조령모개,조령모개(朝令暮改),"그리고 넷째는 조령모개(朝令暮改), 아침에 내린 명령을 저녁에 다시 고치는 즉흥적이고 일관성 없는 행정입니다. 조령모개라는 널리 알려진 고사성어의 유래입니다. 《한서(漢書)》 <식화지(食貨志)>에 나오는 내용입니다. 농사를 망치는 네 가지 악재의 하나로 조령모개를 거론하였다는 점은 깊이..."


532,다다익선,"영어도서관, MYON 마이온 다다익선 공동구매 40% 할인 / 초등학생 영어원서 리딩","^^^^ 관심있으신 분들은 공동구매로 이용하세요~!^^^^ ※본 포스팅은 2/4일에 수정되었으며, 다다익선 공동구매의 기간과 내용은 주최측의 사정으로 변경 될 수 있습니다. #마이온공동구매 #마이온 #영어원서도서관 #영어도서관 #초등학생리딩 #리딩게이트 #마이온다다익선이벤트 #영어도서관공동구매"


535,다다익선,법인설립목적은 다다익선?(많으면 좋은가),"법인설립목적은 다다익선? 그렇다면 법인설립목적은 다다익선일까요? 많으면 많을 수록 좋은 걸까 라는 궁금증이 생깁니다. 100% 옳은 정답은 아닙니다. 많으면 많을 수록 다양한 사업을 진행하고 성장 가능성이 크며, 다양한 수익모델을 가지고 있기에 안전하다고 비춰질 수 있습니다. 그렇지만..."
536,다다익선,"초등 영어 리딩 교재 <My Next Reading>, 리딩은 다다익선 ㅋ","ㅎㅎㅎㅎ 원서 동화책이건 리딩 교재이건, 리딩은 다다익선입니다. ^^ 다음 번엔, 이러한 리딩 교재를 좀 더 효율적으로 학습할 수 있는 여러 방법을 포스팅해볼게요. CD듣고 읽고 끝낼 순 없잖아요? ㅎㅎ 그럼 읽은 내용을 어떻게 강화시켜줄 수 있을지, 노하우 몇 가지를 알려드릴게요...."




551,다다익선,"전자렌지 치즈라면 만드는법, 다다익선 CHEESE요리","다다익선 CHEESE 전자렌지 치즈라면 만드는법 INTRO 생각해보니 냉장고에 슈레드치즈 넣어둔지 꽤 오래됬더라고요. 개봉한지 몇 달이고 마지막으로... 배운것은 다다익선, 치즈는 많이 넣어야 된다는것 이네요. 진짜, 언젠가 치즈오븐스파게티 수준으로 끓여볼거에요. ㅡㅡ;; 그런데 칼로리 생각하면..."

553,다다익선,'다다익선'의 삶을 살기로 했다.,"그렇다고 아무것도 안하고만 있을수는 없고, 그런 성격도 못됩니다. 그저 많이 읽고, 많이 쓰고, 많이 만나고, 해보지 않았던 새로운 시도들, 새로운 사람들을 만나다 보면 자연스럽게 알게 되는 날이 올거라는 희망을 가지고 '다다익선'의 삶을 살기로 했습니다."

569,다다익선,인천 도화동 마카롱 맛집 조개마카롱 곰돌이마카롱 다다익선,다다익선 마카롱 맛보고 소개하고 싶어지더라고요 영업시간 월-토 11:00 - 21:00 매주 일요일 휴무 주차 건물 뒤편에 주차장이 있고 맞은편 청운대에 편하게 주차 가능해요 한동안 마카롱에 빠져있어서 부평남부역에 위치한 콩설기 마카롱 가게를 자주 갔었는데 너무 멀어요~~ 우주괴물님이 다다익선...
572,다다익선,포토샵 사용자정의모양도구 다다익선 숨겨진 수백 개 Legacy shape 찾아오기,"포토샵 사용자정의모양도구, 다다익선 숨겨진 수백 개 Legacy shape 찾아오기 모르면 못 찾아오는 사용자정의모양도구를 찾아오는 방법입니다 이 custom shape tool은 많이 보유하고 있을수록 작업에 도움이 되는 도구인데요 하나씩 만들어서 써도 되지만 제일 좋은 것은 언제나 누가..."
574,다다익선,연말선물은 29CM 다다익선물로 혜택까지 챙기자 !,"29CM 연말선물은 29CM 다다익선물로 혜택까지 챙기자 ! 안녕하세요 패션블로거 코코다니입니다 :) 드디어 설레는 12월이 다가왔습니다매년 다가올... 이벤트,연말에도 다다익선물을 소개해드리려고 합니다 < EVENT > 21.12.01 ~ 21.12.31 29CM 선물하기로 1만원 이상 선물을 한 모든 회원을 대상* 선물하기..."

583,다다익선,다다익선,"“그럼, 그대는 어느 정도 군대를 거느릴 수 있는가?” “저야 다다익선이지요. 많으면 많을수록 좋다는 말입니다.” “흠, 나는 기껏해야 10만이고... 것이옵니다.” ‘다다익선(多多益善)’은 여기에서 나온 말이다. 한신이 자기가 지닌 군사 능력을 한껏 자랑 삼아 한 말에서 비롯했는데 지금은..."
584,다다익선,여자손목시계브랜드 다니엘 웰링턴 다다익선 썸머할인을 즐겨~,다다익선이란 이름이 딱~ 어울리는 할인이벤트에요 꼭 기억해야하는 것은 여자손목시계브랜드 공식 홈페이지에서 주문해야한다는 것과 썸머 프로모션 전용 할인코드 DW8181 요 할인코드는 여름프로모션 기간에만 사용할 수 있어요(~2021.07.29) 일단 원하는 제품을 장바구니에 담아도 25만원 이상이면...
585,다다익선,다다익선을 노려라,여러종류가 있었는데 그 중에서 여러 개를 맛봣는데 다 맛있더라며~ 아근디 다다익선이라며 2개사면 50%할인을?? 우와~ 그걸 보더니 큰딸이 나보고 고르랜다 사준다며...ㅋㅋㅋㅋ 여기에서 우리들의 실수가ㅠㅠ 같은 종류를 골라야하는데 다른 종류를 2개를~ 와사비아몬드와 청양마요땅콩이었나?...




593,다다익선,스트랩은 다다익선! 오버기어 갤럭시 워치3 스트랩,ㅎㅎㅎ 다다익선이란 스트랩을 오늘은 오버기어 갤워치 스트랩으로 선택해 봤습니다^^ 또 아시겠지만.. 정품은 좀 비싼거 아시죠? 정품과 동일한 가성비를 가진!! 동일한 퀄리티라면 추천할만 하겠죠?^^ 제가 쓰던 기존 스트랩은 밀레니얼루즈!! 질릴만 하죠? ^^ 짜잔 오버기어 갤워치...


600,다다익선,갤럭시워치 스포츠루프 우먼스9999 줄질은 다다익선,몇 달 전에 갤럭시워치4를 구매해서 잘 사용하고 있는 얌생이에게 스트랩을 선물했었어요 워치의 묘미는 줄질이 맞더라구요 ㅋㅋㅋㅋㅋㅋ 스트랩은 다다익선! 그동안 사용한 블랙은 잠시 제쳐두고 오늘은 여름에 어울리는 스트랩 후기를 써볼게용 #갤럭시워치스포츠루프 #갤럭시워치스트랩교체...


603,백전백승,사당동임플란트 지피지기면 백전백승,사당동임플란트 지피지기면 백전백승 임플란트는 이제 성인이라면 모르는 사람이 없을 정도로 아주 대중적인 치료로 자리 잡고 있는데요. 치료 자체에 대해서는 누구나 알고 있지만 깊은 내용에 대해서는 잘 모르는 경우가 많고 여러 가지 오해와 편견이 널리 퍼져있기도 합니다. 그러다 보니 치료를...
604,백전백승,게임을 알고 전략을 알면 백전백승 삼국지워 공략,"게임을 알고 전략을 알면 백전백승 삼국지워 공략 모바일 SLG 게임으로 많은 사람들이 자신의 주성을 키우고 있는 삼국지워(삼국지WAR)가 런칭하고 난 후 꽤나 시간이 흘렀습니다. 런칭과 동시에 구글스토어 20위권에 안착하는 등 기염을 토해내며, 나날이 인기를 끌고 있고 게임 내에는 여러가지..."



615,백전백승,[인문] 나는 왜 참으려고만 할까? : 지피지기면 백전백승,"지피지기면 백전백승 내 경험상 내 감정의 원인을 알고 감정을 내면화 시켜 나만의 해결책을 만들어 감정을 통제하다 보면 어느 순간 내가 어떤... 지피지기면 백전백승이라는 말이 있듯이, 나 자신을 알게 되면 삶에서 발생하는 수많은 감정과 상황의 굴곡 속에서 결국에는 승리를 이루어내지..."
616,백전백승,지피지기면 백전백승! 모의테스트로 실력 확인하기,"그야말로 지피지기면 백전백승이라고 할 수 있죠! 중간고사에 비해 범위도 넓고, 준비 시간도 짧아 상대적으로 어렵게 느껴지는 기말고사지만 공부의 기반이 튼튼하게 잡혀 있다면 어떤 어려운 상황에서도 시험을 두려워할 필요가 없습니다. 시험에 대한 부담감을 덜어주고, 장점은 극대화하고..."


619,백전백승,[브레이브힐 어람점] 백전백승 다이어트 성공비법 인바디체크,오늘은 내몸을 알면 백전백승 다이어트 성공하는 인바디 체크하는법을 알려드릴께요! 인바디란? 생체 전기저항법을 이용한 체성분 분석기의... 백전백승 다이어트 성공을 위해 우리 모두 브레이브힐 어람점에서 운동하시는건 어떠세요? 지금 어람점에서는 브레이브힐 8주년 감사이벤트도...



625,백전백승,[인생철학] '지피지기 백전백승'은 없다,"[인생철학] '지피지기 백전백승'은 없다 정말 '지피지기(知彼知己)'면 '백전백승(百戰百勝)'이 가능할까? '지피지기 백전백승(知彼知己 百戰百勝)'이라는 말은 '적을 알고 나를 알면 백 번 싸워도 백 번 이긴다'는 뜻으로 많이 인용된다. 그런데, 정말 그럴까? 조금만 깊이 생각해도 안 맞는..."
626,백전백승,NCS? 정확하게 알고 준비하면 백전백승!,"NCS, 내가 알고 준비해야 백전백승! 이렇게 우리나라의 국가직무능력표준(NCS)의 도입과 기업별 실행 현황까지 알아보았습니다. 취업에 다가갈 첫 번째 발걸음, 그 누구보다 스스로 알고 준비하는 것이 취업을 위한 방향을 잡는데 훨씬 유리하겠죠? * 참고자료 · 국가직무능력표준 홈페이지..."
627,백전백승,칼럼8. 지피지기면 백전백승 (자금 계산),"무주택자 내집마련 전략 (4) - 경매 ©unsplash 지피지기면 백전백승이란 말은 투자에서 매우 중요합니다. 본인에게 적합한 방법을 선택해야 투자에서 실수하지 않습니다. 갭투자를 해야 한다, 경매로 사야 싸다, 신혼부부면 무조건 청약을 노려라 등 주변에서 말이 많지만 정답은 없습니다. 이는..."


632,백전백승,"중소기업 연봉협상, 나만 모르는 백전백승 비법!",중소기업 연봉협상 나만 모르는 백전백승 비법! 안녕하세요. 좋은 일 찾을 땐 인크루트 입니다. 회사마다 연봉 협상을 하는 시기는 다르겠지만 크게 매년 초 전 직원이 일괄적으로 협상을 할 수도 있고 아니면 직원마다 입사한 일 기준으로 1년째 되는 날을 기준으로 연봉 협상을 하는 곳도...

634,백전백승,지피지기면 백전백승에서 적을 아는 것보다 더욱 중요한 것은?,'지피지기면 백전백승' 적을 알고 나를 알면 백 번 싸워서 백 번 이길 수 있다는 뜻입니다. 맞습니다. 적을 모르는 상태에서 싸우는 것은 용감이... #지피지기 #지피지기면백전백승 #목표 #성공 #감정 #감정의주인으로사는감정일기 #감정일기 #자존감향상 #감정표현 #감정코칭 #자존감 #자기계발...

636,백전백승,자기소개서 면접 합격 전략 백전백승 꿀정보,자기소개서 면접 합격 전략 백전백승 꿀정보 안녕하세요. 자기소개서 합격에 필요한 방법은 여러가지고 있고 자기소개서 면접 이 모든 관문을 거쳐야 합격하는것이 바로 취업이랍니다. 자기소개서 면접 합격 전략이라는 것은 통틀어서 이렇게 해야한다 라는 공식적인 방법이 있는것은 아니랍니다....
637,백전백승,"개인사업자, 종합소득세 과세표준 알면 백전백승 !",안녕하세요. 사업이 즐거워지는 세모장부 입니다. 개인사업자에게 있어 5월은 종합소득세를 신고하고 납부하는 월이라고 할 수 있을 정도로 가장 큰 이슈이죠 ㅎㅎ 종합소득세를 이해하기 위해서는 종합소득세 세율(과세표준)에 대해 먼저 알아야할 필요가 있습니다. 세금 지출은 줄이면...
640,백전백승,백전백승이 가능한 트레이딩,손실극소 수익극대화가 가능한 10분할 매매전략과 칼손절이 있기 때문에 겁낼 이유가 없습니다. 하오니 겁먹지 마시옵고 과감하게 도전하시기 바랍니다. 그리고 실전에서의 용맹정진이란 대장주를 선택했을 때에만 발휘가 가능한 것입니다. happy9님의 게시글 더보기 #백전백승이가능한트레이딩...
641,백전백승,[DBR 광화문스쿨] 백전백승 협상클래스201! 실습으로 배우는 한 끗 차이의 협상 비결,"이번 교육을 통해 백전백승 협상 전문가로 거듭나세요. 행사명 DBR 광화문스쿨 백전백승 협상클래스201! 실습으로 배우는 한 끗 차이의 협상 비결 일시 2022년 5월 10일(화) 14:00 ~ 16:00 장소 서울시 종로구 청계천로 1, 동아미디어센터 (오프라인으로만 진행) 비용 180,000원 혜택 스캇워크..."
642,백전백승,"유튜브숏츠 수익, 이것만 알면 백전백승!","유튜브숏츠 수익, 이것만 알면 백전백승! 안녕하세요! 유튜브 영상촬영 및 마케팅 회사 메디라이즈 입니다. 1년 전부터 유튜브에서는 인스타그램... 오늘은 유튜브숏츠 수익, 이것만 알면 백전백승! 꿀팁을 알려드리도록 할게요 :) 유튜브숏츠 수익, 이것만 알면 백전백승! 유튜브숏츠란? (유튜브숏츠..."
643,백전백승,2022년도 지피지기 백전백승! 알아가는 해외취업 콘서트,대전시 청년들의 밝은 미래를 위해 해외 취업에 대한 모든 것을 알아볼 수 있는 지피지기 백전백승! 알아가는 '해외취업 콘서트' 소개해 드리겠습니당 :) 지피지기 백전백승! 알아가는 해외취업 콘서트 대전 일자리 경제 진흥원 해외취업 콘서트 일정 대전 일자리 경제 진흥원...
646,백전백승,"백전백승 전략, 백전백패 전략","사람과의 싸움에서는 백전백승을 기대할 수 없다. 컨디션과 환경에 따라 이기기도 하고 지기도 한다. 그러나 영적 싸움에서는 백전백승도 백전백패도 가능하다. 2. 영적 싸움에서는 그 대적이 보통 인간들이 아니기 때문이다. ""우리의 씨름은 혈과 육을 상대하는 것이 아니요 통치자들과 권세들과 이..."
647,백전백승,신촌한의원 여드름흉터치료 지피지기면 백전백승!,신촌한의원 여드름흉터는 피부의 비교적 깊은 층이 손상되면서 조직의 위축 및 손실이 일어나고 간혹 체질적 요인에 따라 조직이 과증식되며 흉기된 켈로이드 흉터가 발생하는 경우도 있다 이런 흉터는 신촌한의원 관리 없이 수십년이 지나도 자체적으로 회복되지 않는 영구적인 손상인 경우가 많아...
648,백전백승,지피지기백전백승知彼知己百戰不殆,"지피지기면 백전백승이다.라고 했다. 나를 알고 상대(?나 아닌 모든 것)을 알면 성공한다.로 해석된다. 싸워 이기는 경쟁이 아닌, 함께하는 창조로 잘 살아가 보자.^^ ●감사일기&목표쓰기 ●자녀에게 전하는 하루한줄 챌린지 ●독서 신도 내가 필요해. 부자는 과학이다. ●일출맞이챌린지..."
649,백전백승,(연산동허벌라이)지피지기면 백전백승 유전자다이어트가 궁금하다면~,여러부 지피지기면 백전백승 나를알고 적을알면 백전백승! 유전자 다이어트 들어 보셨나요? 요즘은 정보화시대! 넘쳐나는 다이어트방법들과 다이어트 정보들로 과부하 걸릴지경~ 헌데 '적'의 정보는 너무도 많지만... 정작 '나'의 정보는? 내몸을 잘알아야 효과적인 다이어트를 할수 있어요...
650,백전백승,[월부/실전준비반 강의후기 4강후기-3]아는 것이 힘이다!(지피지기면 백전백승),"지피지기면 백전백승이라는 말이 있듯이 협상 시, 상대방의 상황을 많이 알고 있는 것이 중요합니다. 투자 시, 세입자의 상황을 파악하고 있으면 이점을 주면서 서로 WIN-WIN 할 수 있기 떄문입니다. 무조건 나한테만 유리한 것은 없습니다. 그럼 협상은 이루어지지 않습니다. 서로에게 도움이 될 수..."
651,백전백승,"지피지기면 백전백승! 공기업 취업 필수템 NCS, 정확히 알고 취준하자!","'지피지기면 백전백승' 공기업 취업 필수템 NCS, 정확히 알고 취준하자! 바로 알아보러 고고~ NCS란 효율적인 채용을 위해 직업별 실무능력을 국가에서 체계화한 표준을 말해. 1999년 처음 제시된 후 개발과 조정 과정을 거쳐 2015년 1월, 공공기관과 기업에서 본격 활용됐지. NCS는 직업능력..."
652,백전백승,"체계적인 웹소설 작법에 도움이 될 웹소설 작법서, 백전백승 웹소설 스토리 디자인",#웹소설작법 #웹소설작법서 #작법서 백전백승 웹소설 스토리 디자인 - 김선민 웹소설 작가가 되고 싶은 분들을 위한 웹소설 작법서 백전백승 웹소설 스토리 디자인 김선민 지음 허들링북스 / 22.06.20 백전백승 웹소설 스토리 디자인 저자 김선민 출판 허들링북스 발매 2022.06.20. #악역무쌍...
661,백전백승,"카카오게임 백전백승, 백전불패 2화 보고","카카오게임인 백전백승이 그것이다. 이름에서도 유추할 수 있듯이, 극한의 전투와 관련된 컨텐츠가 풍부한 게임으로서, 나오기 전부터 기대감이... 하지만 백전백승에서만큼은, 전직 시스템이 있어서 걱정이 없다. 손쉽게 전직 기능을 이용하면 되니, 유동적으로 캐릭터 운용이 가능한 셈이다...."

668,백전백승,스마트폰게임 백전백승 CBT 후기,"스마트폰게임 백전백승 CBT 후기 에키홀릭 코스프레로 더 많은 관심을 받고 있는 스마트폰게임 백전백승을 먼저 해보았다. 현재 CBT가 진행 중인데, 누구나 참여 가능한 CBT 이다. 필자가 이 게임 해외판을 해보고 기대를 많이 했던 이유는 AOS모드가 있기 때문이다. 사실 모바일게임에 AOS모드가..."
669,백전백승,카카오게임 에키홀릭의 백전백승 CBT 후기,백전백승 중국 내 게임 시장 상위권에서 꾸준히 사랑받았던 게임 <구룡전>이 백전백승이라는 이름으로 국내 출시를 기다리고 있으며 드디어 CBT를 시작하게 되었습니다. RPG와 AOS의 결합이라는 참신한 소재가 흥미를 유발하였고 몇 번의 고배를 마셨던 게임과는 다른 디테일한 면까지 개인적으로...
